종목코드,자본총계(원),총주식수,예상ROE(%)
000660,120516178000000.0,710002846,40.89
278470,445800000000.0,37438155,56.86
402340,27636531000000.0,131774099,42.44
458870,39564000000.0,38345362,40.87
222040,44228000000.0,20554836,0.0
440110,19307000000.0,50031027,59.25
005930,424313255000000.0,5710607814,37.61
043260,250773999999.99997,75451848,13.39
483650,198555000000.0,12443801,43.16
196170,445193999999.99994,69631425,37.2
168360,25561000000.0,22392557,41.95
067310,398764000000.0,66490869,27.09
042700,690328000000.0,94853002,38.52
257720,457430000000.0,65453052,31.49
083650,177575000000.0,30942134,34.78
171090,143806000000.0,9652596,30.32
443060,824725000000.0,44833460,41.06
267260,2028772000000.0,35992704,35.7
080580,50388000000.0,21090955,43.03
089970,177198000000.0,26556065,33.57
003230,1255376000000.0,7533013,28.81
034730,25187196000000.0,54543375,23.87
089890,74019000000.0,16584962,0.0
124500,125386999999.99998,23204527,23.08
263750,799103000000.0,61442910,14.7
267250,10116363000000.0,70668430,21.46
326030,813036000000.0,78313250,29.21
062040,585471000000.0,30582097,31.29
064850,68936000000.0,11410332,25.25
131290,391301000000.0,11061429,27.95
007660,755497000000.0,73409219,31.02
329180,9341620000000.0,104932774,28.29
052400,258632000000.00003,13837127,27.14
212710,20549000000.0,9714978,0.0
039130,147541000000.0,14665179,25.77
010950,8887401000000.0,112582792,15.03
092130,42720000000.0,12043600,28.71
010280,99426000000.0,13024755,20.64
082740,556103000000.0,83074418,30.26
222800,575653000000.0,38417568,34.12
033500,258896000000.0,29941263,25.66
003160,163568000000.0,27410957,23.86
298040,2351729000000.0,9311741,32.12
214450,689331000000.0,10389648,26.8
347700,63634000000.0,49693469,45.58
042660,6170252000000.0,306285807,19.93
368770,45792000000.0,32819225,0.0
340570,201160000000.0,15884240,24.65
103590,588671000000.0,47677269,23.11
093520,125653000000.0,8428933,21.76
000150,1559193000000.0,11648487,26.3
009540,13286078000000.0,70714630,26.19
192820,558159000000.0,11345662,25.95
084370,459528000000.0,22567190,18.62
241710,252723000000.0,10680000,24.26
388210,178098000000.0,9654438,26.0
319660,538946000000.0,28966714,22.39
075580,228471000000.0,56849456,21.05
214150,552974000000.0,65153489,28.94
332570,130376000000.0,45940603,21.76
356860,126123000000.0,23591260,28.57
071970,488912000000.0,33921473,26.91
336570,157376000000.0,87962816,19.57
009450,770495000000.0,14452932,17.74
018500,179681000000.0,46744805,0.0
031980,506378000000.0,21562395,25.74
097230,669629000000.0,90289403,0.0
042520,33704000000.000004,14261367,23.01
039490,6704410000000.001,26228316,16.39
064350,3079023000000.0,109142293,23.54
439260,1092384000000.0,38088730,19.74
010120,2069766000000.0,148817870,29.38
322000,417784000000.0,11200000,0.0
095610,391754000000.0,18228826,25.68
383220,1878679000000.0,37481574,18.46
408920,79538000000.0,42360204,24.52
138040,10322630000000.0,158652613,21.19
425420,109192000000.0,12287463,24.42
353200,897304999999.9999,49416925,26.02
033640,123590000000.00002,23059202,29.7
272110,96721000000.0,7830739,25.72
229640,209188000000.0,30624879,21.34
006800,13303614000000.002,434821454,11.11
071050,12010273000000.0,52738513,15.82
419530,81043000000.0,9560757,23.25
079550,1430100000000.0,21845250,27.26
068930,138295000000.0,24947656,18.52
077970,342971000000.0,40138766,24.74
388050,42134000000.0,18631747,0.0
012450,9684907000000.0,51448788,20.11
082920,330490000000.0,44748159,20.02
207940,7451111000000.0,46239518,18.59
100840,364744000000.0,19761108,16.22
170920,129336999999.99998,10335672,28.09
327260,52785000000.0,17987408,27.63
204620,140033000000.0,70272633,0.0
240810,970016000000.0,48707146,19.52
085910,55573000000.0,13377914,29.29
489790,865881000000.0,50377542,21.79
253590,119204000000.0,43192902,23.88
002990,247819999999.99997,37026933,23.23
010140,4148939000000.0,854035571,23.97
161890,910357000000.0,23605077,19.15
016360,8068056000000.0,89300000,15.46
033240,444655000000.0,21177536,14.58
187790,42706000000.0,30668361,0.0
030190,463852000000.00006,58268741,18.31
083450,301182000000.0,17960419,19.58
128940,1249756000000.0,12700291,12.49
382800,117821000000.0,31831041,16.63
079900,155477000000.0,14529068,18.01
086390,97042000000.0,20332817,27.21
017960,580170000000.0,51676486,17.46
017810,310103000000.0,36893263,0.0
098070,162428000000.0,11121141,0.0
267270,1805221000000.0,47497134,14.16
021240,3613728000000.0,70128913,17.55
007340,2007333000000.0002,51762270,15.49
000500,483789000000.00006,29777607,30.81
073240,2029383000000.0002,287260287,15.4
263860,62211000000.0,8653420,17.29
053610,348648000000.0,9000000,14.82
119850,218839000000.0,16448907,25.6
035150,258621999999.99997,19771079,17.53
183300,270264000000.0,50423130,21.19
114840,104455000000.0,16553659,17.24
035900,620598000000.0,33133059,15.12
187870,161033000000.0,13559614,18.3
007810,439820000000.0,23982620,20.3
002380,7824486000000.0,7354171,3.69
215200,497066000000.0,10353256,15.0
473980,103699000000.0,10738393,17.3
060250,294568000000.0,37716317,16.33
251970,294502000000.0,12398386,15.93
472850,234363000000.0,57258377,26.73
000990,2142364000000.0,42450124,17.98
098460,335166000000.0,66161750,16.55
213420,451843000000.0,24562915,16.27
069620,1006093000000.0,11506270,15.4
140860,225119999999.99997,6959874,17.85
033530,522431000000.00006,27052299,15.78
236200,271121000000.0,6966583,14.37
282330,1313057000000.0,17275015,16.12
011560,271246999999.99997,10084872,13.18
018290,242371999999.99997,33447119,19.26
005940,9433337000000.0,368522434,12.62
005180,743762000000.0,8841801,12.94
290550,202812000000.0,20001230,0.0
078930,14703329000000.0,92895495,7.84
067160,467005000000.0,10669842,15.52
036800,395980000000.0,43679750,16.27
105760,78407000000.0,9725037,15.6
012630,2920919000000.0,49501701,14.95
039030,687899000000.0,12319550,18.97
005960,561190000000.0,22974525,17.6
036890,297534000000.0,20275486,10.81
192080,1185855000000.0,19456465,14.13
095340,536624000000.0,21142451,18.15
064400,2932751000000.0,96885948,15.58
145020,950259000000.0,11014432,18.84
061090,176225000000.0,5467550,21.68
041830,317847000000.0,13348552,16.31
298020,1564865000000.0,4291867,14.99
047040,3347693000000.0,410863802,12.84
100120,249610000000.0,8604011,14.25
032350,372015000000.0,79725458,25.34
086280,10351205000000.0,75000000,14.7
004800,2443584000000.0,16717604,13.6
376300,209891000000.0,23738406,16.13
112610,1153059000000.0,41612824,10.87
009150,9541762000000.0,72693696,29.65
336370,689375000000.0,70212298,5.18
264450,195787000000.0,14665493,12.72
357780,1055771999999.9999,7658656,18.15
189300,266271999999.99997,10227963,19.22
099750,44796000000.0,13648794,0.0
081660,1932141999999.9998,52329829,12.85
166090,463680000000.0,19487954,17.89
014680,1080491000000.0,10727036,17.71
028050,4740713000000.0,196000000,15.62
218410,339120000000.0,26378279,15.98
420770,211003000000.00003,12675758,21.89
011760,692679000000.0,12010966,13.19
462870,921191000000.0,57493099,16.31
144960,285580000000.0,40465783,14.44
033780,9279560000000.0,103570456,14.15
023160,624577000000.0,25054038,8.8
006280,1217477000000.0,11413127,5.79
077360,206475000000.0,45437002,19.55
002900,422564999999.99994,39861043,0.0
453340,729519000000.0,31804994,13.39
005850,2552541000000.0,46055462,14.41
214180,222280000000.00003,12583567,18.25
389260,164654000000.0,17916325,0.0
089010,234988000000.0,16770027,20.15
226400,67459000000.0,20061165,14.03
050890,352716000000.0,59923145,12.05
160980,194223000000.0,10924243,16.03
011070,5763054000000.0,23664507,15.58
054950,233946999999.99997,11553735,13.72
102710,447592000000.0,14287836,16.48
111770,4092316000000.0005,42560112,13.26
074600,486959000000.0,26288000,14.82
122900,369952000000.0,31464340,13.69
071320,2301416000000.0,11578744,9.17
119610,157045000000.0,11233444,16.7
096770,21792076000000.0,168775961,7.9
195870,564370000000.0,17000000,17.61
240550,122888000000.00002,20933940,13.83
047050,6708434000000.0,170444487,13.27
036570,3364869000000.0,19472959,11.64
071280,137770000000.0,15296603,0.0
000270,61187884000000.0,388656043,12.79
005430,405156000000.0,3058211,0.0
083500,83809000000.0,7726377,20.33
299030,100499000000.0,7994910,32.89
030000,1572342000000.0,101158725,13.38
122640,131998000000.0,20877592,32.94
092870,195699000000.0,12950797,22.53
004150,556896000000.0,40934519,8.47
114090,441452000000.00006,61855670,13.69
006260,5003131000000.0,27347538,14.17
017800,1352125000000.0,36105062,11.31
175330,5914615000000.0,184027731,12.2
103140,2298132000000.0,27314278,9.88
317400,570964000000.0,38069663,12.81
086450,663741000000.0,45110727,12.03
234340,171154000000.0,13787884,13.7
259960,7041422000000.0,43193841,13.6
093320,204182000000.0,4864557,10.95
271560,3808662999999.9995,39528788,12.03
047810,1830170000000.0,97475107,20.47
130580,115584999999.99998,15400000,10.96
017940,2022024000000.0002,5781751,9.68
094360,84508000000.0,20589087,13.03
003540,4054119000000.0,37429767,6.35
041510,1002624000000.0,22894690,13.4
010780,1244180000000.0,29724668,11.9
039200,181307000000.0,38258176,9.68
093370,334379000000.0,107255330,17.78
051500,455180000000.0,11871586,12.91
030520,366695000000.0,23746868,10.18
064290,45946000000.0,12336605,47.05
307950,1847125999999.9998,27423982,14.25
091580,160096000000.0,13328219,14.98
035600,498534000000.0,26618488,13.31
105560,59048211000000.0,351106111,10.46
294870,3212756000000.0,61576063,11.52
237690,593443000000.0,20876638,14.82
010130,10752452000000.0,20393232,9.47
170030,161957000000.0,14944678,0.0
039840,191683000000.0,12806466,9.69
297090,100971000000.0,27270000,0.0
272290,393277000000.0,19225549,16.39
004490,1624570000000.0,13350457,0.0
214320,1064714000000.0,40000000,10.24
104830,525484000000.0,12608000,14.89
095570,457160000000.00006,44751050,9.91
051600,1345766000000.0,45000000,11.56
108670,834215000000.0,8949795,8.95
043150,495702000000.00006,14854256,10.93
237880,242965000000.0,17524623,9.46
036200,243429000000.0,29416053,13.6
006040,3528033999999.9995,44140819,9.78
005810,1162603000000.0,13478237,7.77
445090,55283000000.00001,10925658,22.64
010690,571361000000.0,34748441,10.8
036460,10802423000000.0,87275434,8.56
003570,866793000000.0,24918118,12.05
161390,12105484000000.0,121988753,10.92
108380,269200000000.0,9292398,9.9
339770,188671000000.0,49834825,11.96
213500,697221000000.0,23776868,10.83
017670,12863103000000.0,213049909,10.11
475150,273041000000.0,34044181,15.37
090460,748414000000.0,32461538,11.75
