종목코드,종목명,시장,2026/12(E)_ROE(%)
000660,SK하이닉스,KOSPI,103.02
402340,SK스퀘어,KOSPI,95.25
222040,코스맥스엔비티,KOSDAQ,91.58
278470,에이피알,KOSPI,89.99
458870,씨어스,KOSDAQ,78.02
440110,파두,KOSDAQ,77.84
005930,삼성전자,KOSPI,55.22
483650,달바글로벌,KOSPI,53.72
196170,알테오젠,KOSDAQ,51.62
043260,성호전자,KOSDAQ,46.48
168360,펨트론,KOSDAQ,45.23
067310,하나마이크론,KOSDAQ,44.99
042700,한미반도체,KOSPI,42.53
083650,비에이치아이,KOSDAQ,42.5
257720,실리콘투,KOSDAQ,42.23
171090,선익시스템,KOSDAQ,40.75
267260,HD현대일렉트릭,KOSPI,40.05
443060,HD현대마린솔루션,KOSPI,38.42
080580,오킨스전자,KOSDAQ,38.19
089970,브이엠,KOSDAQ,37.91
003230,삼양식품,KOSPI,37.28
034730,SK,KOSPI,36.99
089890,코세스,KOSDAQ,36.46
263750,펄어비스,KOSDAQ,35.16
124500,아이티센글로벌,KOSDAQ,34.17
267250,HD현대,KOSPI,33.95
326030,SK바이오팜,KOSPI,33.8
062040,산일전기,KOSPI,31.63
064850,에프앤가이드,KOSDAQ,31.3
131290,티에스이,KOSDAQ,31.26
007660,이수페타시스,KOSPI,31.05
052400,코나아이,KOSDAQ,31.04
329180,HD현대중공업,KOSPI,30.84
010950,S-Oil,KOSPI,30.75
212710,아이에스티이,KOSDAQ,30.14
039130,하나투어,KOSPI,29.89
092130,이크레더블,KOSDAQ,29.67
010280,아이티센엔텍,KOSDAQ,29.64
082740,한화엔진,KOSPI,29.48
033500,동성화인텍,KOSDAQ,29.46
222800,심텍,KOSDAQ,29.19
003160,디아이,KOSPI,29.16
298040,효성중공업,KOSPI,28.71
214450,파마리서치,KOSDAQ,28.66
368770,파이버프로,KOSDAQ,28.55
347700,스피어,KOSDAQ,28.55
042660,한화오션,KOSPI,27.63
340570,티앤엘,KOSDAQ,27.4
103590,일진전기,KOSPI,27.27
093520,매커스,KOSDAQ,27.26
009540,HD한국조선해양,KOSPI,27.19
000150,두산,KOSPI,27.16
192820,코스맥스,KOSPI,27.12
084370,유진테크,KOSDAQ,26.87
388210,씨엠티엑스,KOSDAQ,26.84
241710,코스메카코리아,KOSDAQ,26.52
319660,피에스케이,KOSDAQ,26.4
332570,PS일렉트로닉스,KOSDAQ,25.97
075580,세진중공업,KOSPI,25.91
356860,티엘비,KOSDAQ,25.62
214150,클래시스,KOSDAQ,25.62
071970,HD현대마린엔진,KOSPI,25.53
336570,원텍,KOSDAQ,25.32
031980,피에스케이홀딩스,KOSDAQ,25.07
018500,동원모빌리티,KOSPI,24.98
009450,경동나비엔,KOSPI,24.98
042520,한스바이오메드,KOSDAQ,24.9
097230,HJ중공업,KOSPI,24.85
064350,현대로템,KOSPI,24.84
039490,키움증권,KOSPI,24.75
439260,대한조선,KOSPI,24.58
322000,HD현대에너지솔루션,KOSPI,24.09
010120,LS ELECTRIC,KOSPI,23.81
095610,테스,KOSDAQ,23.76
383220,F&F,KOSPI,23.51
408920,메쎄이상,KOSDAQ,23.31
138040,메리츠금융지주,KOSPI,23.27
425420,티에프이,KOSDAQ,23.14
353200,대덕전자,KOSPI,23.14
033640,네패스,KOSDAQ,23.04
229640,LS에코에너지,KOSPI,23.02
272110,케이엔제이,KOSDAQ,22.88
006800,미래에셋증권,KOSPI,22.82
071050,한국금융지주,KOSPI,22.75
419530,SAMG엔터,KOSDAQ,22.67
068930,디지털대성,KOSDAQ,22.66
079550,LIG디펜스앤에어로스페이스,KOSPI,22.44
077970,STX엔진,KOSPI,21.97
388050,지투파워,KOSDAQ,21.93
012450,한화에어로스페이스,KOSPI,21.38
082920,비츠로셀,KOSDAQ,21.33
207940,삼성바이오로직스,KOSPI,21.19
100840,SNT에너지,KOSPI,21.08
170920,엘티씨,KOSDAQ,20.55
327260,RF머트리얼즈,KOSDAQ,20.43
240810,원익IPS,KOSDAQ,20.29
204620,글로벌텍스프리,KOSDAQ,20.24
085910,네오티스,KOSDAQ,20.12
253590,네오셈,KOSDAQ,20.07
489790,한화비전,KOSPI,19.87
002990,금호건설,KOSPI,19.79
010140,삼성중공업,KOSPI,19.75
161890,한국콜마,KOSPI,19.53
033240,자화전자,KOSPI,19.52
016360,삼성증권,KOSPI,19.48
030190,NICE평가정보,KOSPI,19.47
187790,나노,KOSDAQ,19.34
083450,GST,KOSDAQ,19.18
128940,한미약품,KOSPI,19.06
382800,지앤비에스 에코,KOSDAQ,18.96
079900,전진건설로봇,KOSPI,18.75
086390,유니테스트,KOSDAQ,18.68
017960,한국카본,KOSPI,18.68
017810,풀무원,KOSPI,18.67
098070,한텍,KOSDAQ,18.61
267270,HD건설기계,KOSPI,18.61
021240,코웨이,KOSPI,18.57
007340,DN오토모티브,KOSPI,18.51
000500,가온전선,KOSPI,18.37
263860,지니언스,KOSDAQ,18.19
073240,금호타이어,KOSPI,18.14
053610,프로텍,KOSDAQ,18.12
119850,지엔씨에너지,KOSDAQ,18.09
035150,백산,KOSPI,18.02
183300,코미코,KOSDAQ,17.9
035900,JYP Ent.,KOSDAQ,17.89
114840,아이패밀리에스씨,KOSDAQ,17.86
187870,디바이스,KOSDAQ,17.78
007810,코리아써키트,KOSPI,17.64
215200,메가스터디교육,KOSDAQ,17.45
002380,KCC,KOSPI,17.37
473980,노머스,KOSDAQ,17.35
060250,NHN KCP,KOSDAQ,17.27
251970,펌텍코리아,KOSDAQ,17.24
000990,DB하이텍,KOSPI,17.14
098460,고영,KOSDAQ,17.0
472850,폰드그룹,KOSDAQ,16.91
213420,덕산네오룩스,KOSDAQ,16.91
140860,파크시스템스,KOSDAQ,16.86
069620,대웅제약,KOSPI,16.79
033530,SJG세종,KOSPI,16.78
236200,슈프리마,KOSDAQ,16.77
282330,BGF리테일,KOSPI,16.62
018290,브이티,KOSDAQ,16.53
005940,NH투자증권,KOSPI,16.49
011560,세보엠이씨,KOSDAQ,16.16
290550,디케이티,KOSDAQ,16.09
005180,빙그레,KOSPI,16.07
078930,GS,KOSPI,15.97
067160,SOOP,KOSDAQ,15.84
036800,나이스정보통신,KOSDAQ,15.78
105760,포스뱅크,KOSDAQ,15.75
012630,HDC,KOSPI,15.67
039030,이오테크닉스,KOSDAQ,15.64
005960,동부건설,KOSPI,15.59
036890,진성티이씨,KOSDAQ,15.51
192080,더블유게임즈,KOSPI,15.49
095340,ISC,KOSDAQ,15.47
064400,LG씨엔에스,KOSPI,15.43
145020,휴젤,KOSDAQ,15.41
061090,세나테크놀로지,KOSDAQ,15.4
041830,인바디,KOSDAQ,15.4
298020,효성티앤씨,KOSPI,15.4
047040,대우건설,KOSPI,15.38
100120,뷰웍스,KOSDAQ,15.29
032350,롯데관광개발,KOSPI,15.28
376300,디어유,KOSDAQ,15.27
004800,효성,KOSPI,15.25
086280,현대글로비스,KOSPI,15.17
009150,삼성전기,KOSPI,15.16
112610,씨에스윈드,KOSPI,15.14
336370,솔루스첨단소재,KOSPI,15.07
264450,유비쿼스,KOSDAQ,15.01
357780,솔브레인,KOSDAQ,15.0
099750,이지케어텍,KOSDAQ,14.96
189300,인텔리안테크,KOSDAQ,14.95
081660,미스토홀딩스,KOSPI,14.82
166090,하나머티리얼즈,KOSDAQ,14.77
014680,한솔케미칼,KOSPI,14.72
028050,삼성E&A,KOSPI,14.63
218410,RFHIC,KOSDAQ,14.54
420770,기가비스,KOSDAQ,14.5
011760,현대코퍼레이션,KOSPI,14.46
462870,시프트업,KOSPI,14.39
023160,태광,KOSDAQ,14.25
144960,뉴파워프라즈마,KOSDAQ,14.23
033780,KT&G,KOSPI,14.23
006280,녹십자,KOSPI,14.16
077360,덕산하이메탈,KOSDAQ,14.12
002900,TYM,KOSPI,14.07
453340,현대그린푸드,KOSPI,14.05
005850,에스엘,KOSPI,14.03
389260,대명에너지,KOSDAQ,14.01
214180,헥토이노베이션,KOSDAQ,13.97
226400,오스테오닉,KOSDAQ,13.89
089010,켐트로닉스,KOSDAQ,13.88
160980,싸이맥스,KOSDAQ,13.81
050890,쏠리드,KOSDAQ,13.8
011070,LG이노텍,KOSPI,13.8
054950,제이브이엠,KOSDAQ,13.79
102710,이엔에프테크놀로지,KOSDAQ,13.79
111770,영원무역,KOSPI,13.73
074600,원익QnC,KOSDAQ,13.7
122900,아이마켓코리아,KOSPI,13.63
071320,지역난방공사,KOSPI,13.63
195870,해성디에스,KOSPI,13.58
119610,인터로조,KOSDAQ,13.51
096770,SK이노베이션,KOSPI,13.49
240550,동방메디컬,KOSDAQ,13.44
047050,포스코인터내셔널,KOSPI,13.4
036570,NC,KOSPI,13.24
071280,로체시스템즈,KOSDAQ,13.2
000270,기아,KOSPI,13.07
005430,한국공항,KOSPI,13.05
083500,에프엔에스테크,KOSDAQ,12.97
299030,하나기술,KOSDAQ,12.95
030000,제일기획,KOSPI,12.91
122640,예스티,KOSDAQ,12.9
004150,한솔홀딩스,KOSPI,12.88
092870,엑시콘,KOSDAQ,12.8
114090,GKL,KOSPI,12.71
006260,LS,KOSPI,12.67
017800,현대엘리베이터,KOSPI,12.54
103140,풍산,KOSPI,12.47
175330,JB금융지주,KOSPI,12.29
317400,자이에스앤디,KOSPI,12.19
086450,동국제약,KOSDAQ,12.16
259960,크래프톤,KOSPI,12.14
234340,헥토파이낸셜,KOSDAQ,12.05
093320,케이아이엔엑스,KOSDAQ,11.92
047810,한국항공우주,KOSPI,11.91
271560,오리온,KOSPI,11.84
130580,나이스디앤비,KOSDAQ,11.82
017940,E1,KOSPI,11.8
003540,대신증권,KOSPI,11.76
041510,에스엠,KOSDAQ,11.7
094360,칩스앤미디어,KOSDAQ,11.51
010780,아이에스동서,KOSPI,11.49
039200,오스코텍,KOSDAQ,11.45
093370,후성,KOSPI,11.45
051500,CJ프레시웨이,KOSDAQ,11.39
030520,한컴,KOSDAQ,11.29
307950,현대오토에버,KOSPI,11.1
064290,인텍플러스,KOSDAQ,11.05
091580,상신이디피,KOSDAQ,11.03
035600,KG이니시스,KOSDAQ,10.99
105560,KB금융,KOSPI,10.98
237690,에스티팜,KOSDAQ,10.93
294870,IPARK현대산업개발,KOSPI,10.93
010130,고려아연,KOSPI,10.93
170030,현대공업,KOSDAQ,10.89
039840,디오,KOSDAQ,10.86
297090,씨에스베어링,KOSDAQ,10.77
272290,이녹스첨단소재,KOSDAQ,10.76
004490,세방전지,KOSPI,10.75
214320,이노션,KOSPI,10.73
104830,원익머트리얼즈,KOSDAQ,10.69
095570,AJ네트웍스,KOSPI,10.64
051600,한전KPS,KOSPI,10.6
043150,바텍,KOSDAQ,10.59
108670,LX하우시스,KOSPI,10.57
036200,유니셈,KOSDAQ,10.52
237880,클리오,KOSDAQ,10.5
006040,동원산업,KOSPI,10.47
005810,풍산홀딩스,KOSPI,10.42
445090,에이직랜드,KOSDAQ,10.29
010690,화신,KOSPI,10.29
036460,한국가스공사,KOSPI,10.24
161390,한국타이어앤테크놀로지,KOSPI,10.17
003570,SNT다이내믹스,KOSPI,10.15
108380,대양전기공업,KOSDAQ,10.12
339770,교촌에프앤비,KOSPI,10.1
213500,한솔제지,KOSPI,10.07
017670,SK텔레콤,KOSPI,10.07
090460,비에이치,KOSPI,10.04
475150,SK이터닉스,KOSPI,10.04
