종목코드,종목명,시장,ROE(%),자본총계(원),총주식수,예상ROE(%),적정주가(S-RIM),보수적주가(S-RIM),예상적정주가(S-RIM),예상보수적주가(S-RIM),할인율(%)
000660,SK하이닉스,KOSPI,103.02,120516178000000.0,710002846,40.89,1622140,847850,643850,391100,10.78
402340,SK스퀘어,KOSPI,95.25,27636531000000.0,131774099,42.44,1853100,977000,825680,497310,10.78
222040,코스맥스엔비티,KOSDAQ,91.58,44228000000.0,20554836,0.0,18280,9680,0,0,10.78
278470,에이피알,KOSPI,89.99,445800000000.0,37438155,56.86,99400,52760,62810,35670,10.78
458870,씨어스,KOSDAQ,78.02,39564000000.0,38345362,40.87,7470,4040,3910,2380,10.78
440110,파두,KOSDAQ,77.84,19307000000.0,50031027,59.25,2790,1510,2120,1200,10.78
005930,삼성전자,KOSPI,55.22,424313255000000.0,5710607814,37.61,380610,217320,259230,160640,10.78
483650,달바글로벌,KOSPI,53.72,198555000000.0,12443801,43.16,79510,45630,63880,38330,10.78
196170,알테오젠,KOSDAQ,51.62,445194000000.0,69631425,37.2,30620,17700,22060,13710,10.78
043260,성호전자,KOSDAQ,46.48,250774000000.0,75451848,13.39,14330,8460,4130,3700,10.78
168360,펨트론,KOSDAQ,45.23,25561000000.0,22392557,41.95,4790,2840,4440,2680,10.78
067310,하나마이크론,KOSDAQ,44.99,398764000000.0,66490869,27.09,25030,14880,15070,10230,10.78
042700,한미반도체,KOSPI,42.53,690328000000.0,94853002,38.52,28710,17290,26010,16020,10.78
083650,비에이치아이,KOSDAQ,42.5,177575000000.0,30942134,34.78,22630,13620,18520,11700,10.78
257720,실리콘투,KOSDAQ,42.23,457430000000.0,65453052,31.49,27380,16510,20410,13260,10.78
171090,선익시스템,KOSDAQ,40.75,143806000000.0,9652596,30.32,56320,34240,41900,27510,10.78
267260,HD현대일렉트릭,KOSPI,40.05,2028772000000.0,35992704,35.7,209410,127820,186670,117200,10.78
443060,HD현대마린솔루션,KOSPI,38.42,824725000000.0,44833460,41.06,65560,40420,70070,42520,10.78
080580,오킨스전자,KOSDAQ,38.19,50388000000.0,21090955,43.03,8460,5230,9540,5730,10.78
089970,브이엠,KOSDAQ,37.91,177198000000.0,26556065,33.57,23470,14510,20780,13260,10.78
003230,삼양식품,KOSPI,37.28,1255376000000.0,7533013,28.81,576320,357920,445380,296790,10.78
034730,SK,KOSPI,36.99,25187196000000.0,54543375,23.87,1584540,985990,1022520,723590,10.78
089890,코세스,KOSDAQ,36.46,74019000000.0,16584962,0.0,15090,9430,0,0,10.78
263750,펄어비스,KOSDAQ,35.16,799103000000.0,61442910,14.7,42420,26740,17730,15210,10.78
124500,아이티센글로벌,KOSDAQ,34.17,125386999999.99998,23204527,23.08,17130,10880,11570,8280,10.78
267250,HD현대,KOSPI,33.95,10116363000000.0,70668430,21.46,450840,286810,284980,209370,10.78
326030,SK바이오팜,KOSPI,33.8,813036000000.0,78313250,29.21,32550,20730,28130,18670,10.78
062040,산일전기,KOSPI,31.63,585471000000.0,30582097,31.29,56170,36430,55570,36150,10.78
064850,에프앤가이드,KOSDAQ,31.3,68936000000.0,11410332,25.25,17540,11410,14150,9830,10.78
131290,티에스이,KOSDAQ,31.26,391301000000.0,11061429,27.95,102580,66750,91720,61680,10.78
007660,이수페타시스,KOSPI,31.05,755497000000.0,73409219,31.02,29640,19330,29610,19310,10.78
052400,코나아이,KOSDAQ,31.04,258632000000.00003,13837127,27.14,53820,35090,47060,31940,10.78
329180,HD현대중공업,KOSPI,30.84,9341620000000.0,104932774,28.29,254690,166370,233630,156540,10.78
010950,S-Oil,KOSPI,30.75,8887401000000.0,112582792,15.03,225180,147220,110060,93470,10.78
212710,아이에스티이,KOSDAQ,30.14,20549000000.0,9714978,0.0,5910,3890,0,0,10.78
039130,하나투어,KOSPI,29.89,147541000000.0,14665179,25.77,27900,18390,24050,16590,10.78
092130,이크레더블,KOSDAQ,29.67,42720000000.0,12043600,28.71,9760,6450,9450,6300,10.78
010280,아이티센엔텍,KOSDAQ,29.64,99426000000.0,13024755,20.64,20990,13870,14620,10890,10.78
082740,한화엔진,KOSPI,29.48,556103000000.0,83074418,30.26,18310,12120,18790,12340,10.78
033500,동성화인텍,KOSDAQ,29.46,258896000000.0,29941263,25.66,23630,15640,20580,14220,10.78
222800,심텍,KOSDAQ,29.19,575653000000.0,38417568,34.12,40570,26930,47430,30130,10.78
003160,디아이,KOSPI,29.16,163568000000.0,27410957,23.86,16140,10720,13210,9350,10.78
298040,효성중공업,KOSPI,28.71,2351729000000.0,9311741,32.12,672620,448680,752510,485980,10.78
214450,파마리서치,KOSDAQ,28.66,689331000000.0,10389648,26.8,176390,117730,164950,112380,10.78
368770,파이버프로,KOSDAQ,28.55,45792000000.0,32819225,0.0,3700,2470,0,0,10.78
347700,스피어,KOSDAQ,28.55,63634000000.0,49693469,45.58,3390,2270,5410,3210,10.78
042660,한화오션,KOSPI,27.63,6170252000000.0,306285807,19.93,51630,34850,37240,28130,10.78
340570,티앤엘,KOSDAQ,27.4,201160000000.0,15884240,24.65,32190,21780,28960,20270,10.78
103590,일진전기,KOSPI,27.27,588671000000.0,47677269,23.11,31230,21170,26470,18940,10.78
093520,매커스,KOSDAQ,27.26,125653000000.0,8428933,21.76,37700,25550,30090,22000,10.78
009540,HD한국조선해양,KOSPI,27.19,13286078000000.0,70714630,26.19,473890,321420,456460,313280,10.78
000150,두산,KOSPI,27.16,1559193000000.0,11648487,26.3,337240,228810,326560,223830,10.78
192820,코스맥스,KOSPI,27.12,558159000000.0,11345662,25.95,123770,84010,118430,81520,10.78
084370,유진테크,KOSDAQ,26.87,459528000000.0,22567190,18.62,50760,34550,35170,27280,10.78
388210,씨엠티엑스,KOSDAQ,26.84,178098000000.0,9654438,26.0,45930,31280,44490,30610,10.78
241710,코스메카코리아,KOSDAQ,26.52,252723000000.0,10680000,24.26,58210,39790,53250,37480,10.78
319660,피에스케이,KOSDAQ,26.4,538946000000.0,28966714,22.39,45560,31190,38640,27960,10.78
332570,PS일렉트로닉스,KOSDAQ,25.97,130376000000.0,45940603,21.76,6840,4700,5730,4190,10.78
075580,세진중공업,KOSPI,25.91,228471000000.0,56849456,21.05,9660,6650,7850,5810,10.78
356860,티엘비,KOSDAQ,25.62,126123000000.0,23591260,28.57,12710,8780,14170,9470,10.78
214150,클래시스,KOSDAQ,25.62,552974000000.0,65153489,28.94,20170,13940,22780,15160,10.78
071970,HD현대마린엔진,KOSPI,25.53,488912000000.0,33921473,26.91,34130,23620,35980,24480,10.78
336570,원텍,KOSDAQ,25.32,157376000000.0,87962816,19.57,4200,2920,3250,2470,10.78
031980,피에스케이홀딩스,KOSDAQ,25.07,506378000000.0,21562395,25.74,54620,38020,56070,38700,10.78
018500,동원모빌리티,KOSPI,24.98,179681000000.0,46744805,0.0,8910,6210,0,0,10.78
009450,경동나비엔,KOSPI,24.98,770495000000.0,14452932,17.74,123530,86100,87730,69380,10.78
042520,한스바이오메드,KOSDAQ,24.9,33704000000.000004,14261367,23.01,5460,3810,5040,3620,10.78
097230,HJ중공업,KOSPI,24.85,669629000000.0,90289403,0.0,17100,11940,0,0,10.78
064350,현대로템,KOSPI,24.84,3079023000000.0,109142293,23.54,65010,45390,61600,43800,10.78
039490,키움증권,KOSPI,24.75,6704410000000.001,26228316,16.39,586880,410280,388640,317730,10.78
439260,대한조선,KOSPI,24.58,1092384000000.0,38088730,19.74,65390,45820,52520,39810,10.78
322000,HD현대에너지솔루션,KOSPI,24.09,417784000000.0,11200000,0.0,83360,58810,0,0,10.78
010120,LS ELECTRIC,KOSPI,23.81,2069766000000.0,148817870,29.38,30720,21760,37910,25110,10.78
095610,테스,KOSDAQ,23.76,391754000000.0,18228826,25.68,47370,33570,51200,35360,10.78
383220,F&F,KOSPI,23.51,1878679000000.0,37481574,18.46,109310,77760,85830,66790,10.78
408920,메쎄이상,KOSDAQ,23.31,79538000000.0,42360204,24.52,4060,2900,4270,3000,10.78
138040,메리츠금융지주,KOSPI,23.27,10322630000000.0,158652613,21.19,140450,100260,127900,94400,10.78
425420,티에프이,KOSDAQ,23.14,109192000000.0,12287463,24.42,19080,13640,20130,14140,10.78
353200,대덕전자,KOSPI,23.14,897304999999.9999,49416925,26.02,38980,27880,43830,30140,10.78
033640,네패스,KOSDAQ,23.04,123590000000.00002,23059202,29.7,11460,8210,14770,9750,10.78
229640,LS에코에너지,KOSPI,23.02,209188000000.0,30624879,21.34,14590,10450,13520,9950,10.78
272110,케이엔제이,KOSDAQ,22.88,96721000000.0,7830739,25.72,26220,18820,29470,20340,10.78
006800,미래에셋증권,KOSPI,22.82,13303614000000.002,434821454,11.11,64770,46550,31530,31030,10.78
071050,한국금융지주,KOSPI,22.75,12010273000000.0,52738513,15.82,480600,345800,334200,277440,10.78
419530,SAMG엔터,KOSDAQ,22.67,81043000000.0,9560757,23.25,17830,12840,18280,13050,10.78
068930,디지털대성,KOSDAQ,22.66,138295000000.0,24947656,18.52,11650,8400,9520,7400,10.78
079550,LIG디펜스앤에어로스페이스,KOSPI,22.44,1430100000000.0,21845250,27.26,136270,98530,165550,112190,10.78
077970,STX엔진,KOSPI,21.97,342971000000.0,40138766,24.74,17410,12690,19610,13710,10.78
388050,지투파워,KOSDAQ,21.93,42134000000.0,18631747,0.0,4600,3350,0,0,10.78
012450,한화에어로스페이스,KOSPI,21.38,9684907000000.0,51448788,20.11,373340,274670,351170,264310,10.78
082920,비츠로셀,KOSDAQ,21.33,330490000000.0,44748159,20.02,14610,10760,13720,10340,10.78
207940,삼성바이오로직스,KOSPI,21.19,7451111000000.0,46239518,18.59,316750,233790,277890,215650,10.78
100840,SNT에너지,KOSPI,21.08,364744000000.0,19761108,16.22,36090,26690,27770,22810,10.78
170920,엘티씨,KOSDAQ,20.55,129336999999.99998,10335672,28.09,23850,17810,32610,21900,10.78
327260,RF머트리얼즈,KOSDAQ,20.43,52785000000.0,17987408,27.63,5560,4160,7520,5080,10.78
240810,원익IPS,KOSDAQ,20.29,970016000000.0,48707146,19.52,37480,28120,36060,27450,10.78
204620,글로벌텍스프리,KOSDAQ,20.24,140033000000.0,70272633,0.0,3740,2810,0,0,10.78
085910,네오티스,KOSDAQ,20.12,55573000000.0,13377914,29.29,7750,5830,11290,7480,10.78
253590,네오셈,KOSDAQ,20.07,119204000000.0,43192902,23.88,5140,3870,6110,4330,10.78
489790,한화비전,KOSPI,19.87,865881000000.0,50377542,21.79,31680,23950,34740,25380,10.78
002990,금호건설,KOSPI,19.79,247820000000.0,37026933,23.23,12290,9300,14420,10300,10.78
010140,삼성중공업,KOSPI,19.75,4148939000000.0,854035571,23.97,8900,6750,10800,7630,10.78
161890,한국콜마,KOSPI,19.53,910357000000.0,23605077,19.15,69870,53180,68510,52550,10.78
033240,자화전자,KOSPI,19.52,444655000000.0,21177536,14.58,38020,28940,28400,24450,10.78
016360,삼성증권,KOSPI,19.48,8068056000000.0,89300000,15.46,163260,124390,129570,108660,10.78
030190,NICE평가정보,KOSPI,19.47,463852000000.00006,58268741,18.31,14380,10960,13520,10560,10.78
187790,나노,KOSDAQ,19.34,42706000000.0,30668361,0.0,2500,1910,0,0,10.78
083450,GST,KOSDAQ,19.18,301182000000.0,17960419,19.58,29840,22870,30460,23160,10.78
128940,한미약품,KOSPI,19.06,1249756000000.0,12700291,12.49,173990,133690,114010,105690,10.78
382800,지앤비에스 에코,KOSDAQ,18.96,117821000000.0,31831041,16.63,6510,5010,5710,4640,10.78
079900,전진건설로봇,KOSPI,18.75,155477000000.0,14529068,18.01,18610,14390,17880,14050,10.78
086390,유니테스트,KOSDAQ,18.68,97042000000.0,20332817,27.21,8270,6410,12050,8170,10.78
017960,한국카본,KOSPI,18.68,580170000000.0,51676486,17.46,19450,15070,18180,14480,10.78
017810,풀무원,KOSPI,18.67,310103000000.0,36893263,0.0,14560,11280,0,0,10.78
098070,한텍,KOSDAQ,18.61,162428000000.0,11121141,0.0,25210,19560,0,0,10.78
267270,HD건설기계,KOSPI,18.61,1805221000000.0,47497134,14.16,65610,50900,49920,43570,10.78
021240,코웨이,KOSPI,18.57,3613728000000.0,70128913,17.55,88770,68920,83890,66640,10.78
007340,DN오토모티브,KOSPI,18.51,2007333000000.0,51762270,15.49,66590,51760,55720,46690,10.78
000500,가온전선,KOSPI,18.37,483789000000.00006,29777607,30.81,27690,21590,46430,30340,10.78
263860,지니언스,KOSDAQ,18.19,62211000000.0,8653420,17.29,12130,9500,11530,9220,10.78
073240,금호타이어,KOSPI,18.14,2029383000000.0,287260287,15.4,11890,9320,10090,8480,10.78
053610,프로텍,KOSDAQ,18.12,348648000000.0,9000000,14.82,65120,51050,53260,45520,10.78
119850,지엔씨에너지,KOSDAQ,18.09,218839000000.0,16448907,25.6,22330,17520,31590,21840,10.78
035150,백산,KOSPI,18.02,258622000000.0,19771079,17.53,21870,17180,21270,16900,10.78
183300,코미코,KOSDAQ,17.9,270264000000.0,50423130,21.19,8900,7010,10540,7780,10.78
035900,JYP Ent.,KOSDAQ,17.89,620598000000.0,33133059,15.12,31080,24500,26270,22250,10.78
114840,아이패밀리에스씨,KOSDAQ,17.86,104455000000.0,16553659,17.24,10450,8250,10090,8080,10.78
187870,디바이스,KOSDAQ,17.78,161033000000.0,13559614,18.3,19590,15480,20160,15740,10.78
007810,코리아써키트,KOSPI,17.64,439820000000.0,23982620,20.3,30010,23790,34530,25900,10.78
215200,메가스터디교육,KOSDAQ,17.45,497066000000.0,10353256,15.0,77720,61880,66810,56790,10.78
002380,KCC,KOSPI,17.37,7824486000000.0,7354171,3.69,1714360,1367620,364190,737240,10.78
473980,노머스,KOSDAQ,17.35,103699000000.0,10738393,17.3,15540,12400,15500,12380,10.78
060250,NHN KCP,KOSDAQ,17.27,294568000000.0,37716317,16.33,12510,10010,11830,9690,10.78
251970,펌텍코리아,KOSDAQ,17.24,294502000000.0,12398386,15.93,37990,30400,35100,29050,10.78
000990,DB하이텍,KOSPI,17.14,2142364000000.0,42450124,17.98,80240,64370,84180,66210,10.78
098460,고영,KOSDAQ,17.0,335166000000.0,66161750,16.55,7990,6430,7780,6330,10.78
472850,폰드그룹,KOSDAQ,16.91,234363000000.0,57258377,26.73,6420,5180,10150,6920,10.78
213420,덕산네오룩스,KOSDAQ,16.91,451843000000.0,24562915,16.27,28860,23280,27760,22770,10.78
140860,파크시스템스,KOSDAQ,16.86,225120000000.0,6959874,17.85,50590,40860,53560,42250,10.78
069620,대웅제약,KOSPI,16.79,1006093000000.0,11506270,15.4,136190,110200,124910,104930,10.78
033530,SJG세종,KOSPI,16.78,522431000000.00006,27052299,15.78,30060,24330,28270,23490,10.78
236200,슈프리마,KOSDAQ,16.77,271121000000.0,6966583,14.37,60540,49010,51880,44970,10.78
282330,BGF리테일,KOSPI,16.62,1313057000000.0,17275015,16.12,117190,95230,113660,93590,10.78
018290,브이티,KOSDAQ,16.53,242372000000.0,33447119,19.26,11110,9050,12950,9910,10.78
005940,NH투자증권,KOSPI,16.49,9433337000000.0,368522434,12.62,39160,31930,29970,27640,10.78
011560,세보엠이씨,KOSDAQ,16.16,271247000000.0,10084872,13.18,40320,33160,32880,29690,10.78
290550,디케이티,KOSDAQ,16.09,202812000000.0,20001230,0.0,15130,12470,0,0,10.78
005180,빙그레,KOSPI,16.07,743762000000.0,8841801,12.94,125400,103390,100970,91990,10.78
078930,GS,KOSPI,15.97,14703329000000.0,92895495,7.84,234480,193860,115110,138120,10.78
067160,SOOP,KOSDAQ,15.84,467005000000.0,10669842,15.52,64310,53360,63010,52750,10.78
036800,나이스정보통신,KOSDAQ,15.78,395980000000.0,43679750,16.27,13270,11030,13680,11220,10.78
105760,포스뱅크,KOSDAQ,15.75,78407000000.0,9725037,15.6,11780,9800,11670,9750,10.78
012630,HDC,KOSPI,15.67,2920919000000.0,49501701,14.95,85770,71500,81830,69660,10.78
039030,이오테크닉스,KOSDAQ,15.64,687899000000.0,12319550,18.97,81010,67590,98260,75640,10.78
005960,동부건설,KOSPI,15.59,561190000000.0,22974525,17.6,35330,29520,39880,31640,10.78
036890,진성티이씨,KOSDAQ,15.51,297534000000.0,20275486,10.81,21110,17680,14720,14690,10.78
192080,더블유게임즈,KOSPI,15.49,1185855000000.0,19456465,14.13,87580,73380,79890,69790,10.78
095340,ISC,KOSDAQ,15.47,536624000000.0,21142451,18.15,36420,30540,42730,33480,10.78
064400,LG씨엔에스,KOSPI,15.43,2932751000000.0,96885948,15.58,43330,36370,43750,36560,10.78
145020,휴젤,KOSDAQ,15.41,950259000000.0,11014432,18.84,123330,103570,150780,116390,10.78
061090,세나테크놀로지,KOSDAQ,15.4,176225000000.0,5467550,21.68,46040,38680,64820,47450,10.78
041830,인바디,KOSDAQ,15.4,317847000000.0,13348552,16.31,34020,28580,36030,29510,10.78
298020,효성티앤씨,KOSPI,15.4,1564865000000.0,4291867,14.99,520870,437570,507010,431090,10.78
047040,대우건설,KOSPI,15.38,3347693000000.0,410863802,12.84,11620,9770,9700,8870,10.78
100120,뷰웍스,KOSDAQ,15.29,249610000000.0,8604011,14.25,41150,34680,38350,33370,10.78
032350,롯데관광개발,KOSPI,15.28,372015000000.0,79725458,25.34,6610,5580,10970,7610,10.78
376300,디어유,KOSDAQ,15.27,209891000000.0,23738406,16.13,12520,10560,13230,10890,10.78
004800,효성,KOSPI,15.25,2443584000000.0,16717604,13.6,206780,174470,184410,164020,10.78
086280,현대글로비스,KOSPI,15.17,10351205000000.0,75000000,14.7,194220,164260,188200,161450,10.78
009150,삼성전기,KOSPI,15.16,9541762000000.0,72693696,29.65,184590,156160,361030,238540,10.78
112610,씨에스윈드,KOSPI,15.14,1153059000000.0,41612824,10.87,38920,32940,27940,27820,10.78
336370,솔루스첨단소재,KOSPI,15.07,689375000000.0,70212298,5.18,13730,11640,4720,7440,10.78
264450,유비쿼스,KOSDAQ,15.01,195787000000.0,14665493,12.72,18590,15800,15750,14470,10.78
357780,솔브레인,KOSDAQ,15.0,1055772000000.0,7658656,18.15,191820,163050,232100,181860,10.78
099750,이지케어텍,KOSDAQ,14.96,44796000000.0,13648794,0.0,4550,3880,0,0,10.78
189300,인텔리안테크,KOSDAQ,14.95,266272000000.0,10227963,19.22,36100,30740,46420,35550,10.78
081660,미스토홀딩스,KOSPI,14.82,1932142000000.0,52329829,12.85,50760,43380,44010,40230,10.78
166090,하나머티리얼즈,KOSDAQ,14.77,463680000000.0,19487954,17.89,32600,27900,39490,31120,10.78
014680,한솔케미칼,KOSPI,14.72,1080491000000.0,10727036,17.71,137540,117910,165480,130960,10.78
028050,삼성E&A,KOSPI,14.63,4740713000000.0,196000000,15.62,32830,28220,35050,29260,10.78
218410,RFHIC,KOSDAQ,14.54,339120000000.0,26378279,15.98,17340,14950,19060,15750,10.78
420770,기가비스,KOSDAQ,14.5,211003000000.00003,12675758,21.89,22390,19330,33800,24660,10.78
011760,현대코퍼레이션,KOSPI,14.46,692679000000.0,12010966,13.19,77360,66860,70560,63690,10.78
462870,시프트업,KOSPI,14.39,921191000000.0,57493099,16.31,21390,18530,24240,19860,10.78
023160,태광,KOSDAQ,14.25,624577000000.0,25054038,8.8,32950,28680,20350,22790,10.78
144960,뉴파워프라즈마,KOSDAQ,14.23,285580000000.0,40465783,14.44,9320,8110,9450,8180,10.78
033780,KT&G,KOSPI,14.23,9279560000000.0,103570456,14.15,118270,102980,117610,102670,10.78
006280,녹십자,KOSPI,14.16,1217477000000.0,11413127,5.79,140120,122290,57290,83620,10.78
077360,덕산하이메탈,KOSDAQ,14.12,206475000000.0,45437002,19.55,5950,5200,8240,6270,10.78
002900,TYM,KOSPI,14.07,422565000000.0,39861043,0.0,13840,12110,0,0,10.78
453340,현대그린푸드,KOSPI,14.05,729519000000.0,31804994,13.39,29900,26190,28490,25530,10.78
005850,에스엘,KOSPI,14.03,2552541000000.0,46055462,14.41,72130,63220,74090,64140,10.78
389260,대명에너지,KOSDAQ,14.01,164654000000.0,17916325,0.0,11940,10480,0,0,10.78
214180,헥토이노베이션,KOSDAQ,13.97,222280000000.00003,12583567,18.25,22890,20100,29900,23380,10.78
226400,오스테오닉,KOSDAQ,13.89,67459000000.0,20061165,14.03,4330,3820,4380,3840,10.78
089010,켐트로닉스,KOSDAQ,13.88,234988000000.0,16770027,20.15,18040,15890,26190,19700,10.78
160980,싸이맥스,KOSDAQ,13.81,194223000000.0,10924243,16.03,22780,20110,26440,21820,10.78
050890,쏠리드,KOSDAQ,13.8,352716000000.0,59923145,12.05,7540,6660,6580,6210,10.78
011070,LG이노텍,KOSPI,13.8,5763054000000.0,23664507,15.58,311760,275390,351970,294160,10.78
054950,제이브이엠,KOSDAQ,13.79,233947000000.0,11553735,13.72,25900,22890,25770,22830,10.78
102710,이엔에프테크놀로지,KOSDAQ,13.79,447592000000.0,14287836,16.48,40070,35410,47890,39060,10.78
111770,영원무역,KOSPI,13.73,4092316000000.001,42560112,13.26,122470,108440,118270,106480,10.78
074600,원익QnC,KOSDAQ,13.7,486959000000.0,26288000,14.82,23540,20870,25470,21770,10.78
122900,아이마켓코리아,KOSPI,13.63,369952000000.0,31464340,13.69,14870,13210,14930,13240,10.78
071320,지역난방공사,KOSPI,13.63,2301416000000.0,11578744,9.17,251310,223300,169080,184900,10.78
195870,해성디에스,KOSPI,13.58,564370000000.0,17000000,17.61,41820,37220,54230,43020,10.78
119610,인터로조,KOSDAQ,13.51,157045000000.0,11233444,16.7,17520,15630,21660,17560,10.78
096770,SK이노베이션,KOSPI,13.49,21792076000000.0,168775961,7.9,161580,144270,94620,113010,10.78
240550,동방메디컬,KOSDAQ,13.44,122888000000.00002,20933940,13.83,7320,6550,7530,6650,10.78
047050,포스코인터내셔널,KOSPI,13.4,6708434000000.0,170444487,13.27,48920,43820,48450,43600,10.78
036570,NC,KOSPI,13.24,3364869000000.0,19472959,11.64,212230,191210,186580,179230,10.78
071280,로체시스템즈,KOSDAQ,13.2,137770000000.0,15296603,0.0,11030,9950,0,0,10.78
000270,기아,KOSPI,13.07,61187884000000.0,388656043,12.79,190880,173050,186790,171140,10.78
005430,한국공항,KOSPI,13.05,405156000000.0,3058211,0.0,160380,145510,0,0,10.78
083500,에프엔에스테크,KOSDAQ,12.97,83809000000.0,7726377,20.33,13050,11880,20460,15330,10.78
299030,하나기술,KOSDAQ,12.95,100499000000.0,7994910,32.89,15100,13750,38350,24610,10.78
030000,제일기획,KOSPI,12.91,1572342000000.0,101158725,13.38,18610,16980,19290,17290,10.78
122640,예스티,KOSDAQ,12.9,131998000000.0,20877592,32.94,7570,6900,19320,12390,10.78
004150,한솔홀딩스,KOSPI,12.88,556896000000.0,40934519,8.47,16250,14840,10690,12240,10.78
092870,엑시콘,KOSDAQ,12.8,195699000000.0,12950797,22.53,17940,16430,31580,22800,10.78
114090,GKL,KOSPI,12.71,441452000000.00006,61855670,13.69,8410,7730,9060,8040,10.78
006260,LS,KOSPI,12.67,5003131000000.0,27347538,14.17,215020,197920,240480,209810,10.78
017800,현대엘리베이터,KOSPI,12.54,1352125000000.0,36105062,11.31,43560,40300,39290,38310,10.78
103140,풍산,KOSPI,12.47,2298132000000.0,27314278,9.88,97330,90300,77110,80860,10.78
175330,JB금융지주,KOSPI,12.29,5914615000000.0,184027731,12.2,36640,34240,36370,34120,10.78
317400,자이에스앤디,KOSPI,12.19,570964000000.0,38069663,12.81,16960,15910,17820,16320,10.78
086450,동국제약,KOSDAQ,12.16,663741000000.0,45110727,12.03,16600,15590,16420,15510,10.78
259960,크래프톤,KOSPI,12.14,7041422000000.0,43193841,13.6,183590,172620,205660,182930,10.78
234340,헥토파이낸셜,KOSDAQ,12.05,171154000000.0,13787884,13.7,13880,13100,15780,13980,10.78
093320,케이아이엔엑스,KOSDAQ,11.92,204182000000.0,4864557,10.95,46410,44050,42640,42280,10.78
047810,한국항공우주,KOSPI,11.91,1830170000000.0,97475107,20.47,20740,19690,35650,26660,10.78
271560,오리온,KOSPI,11.84,3808663000000.0,39528788,12.03,105830,100780,107520,101570,10.78
130580,나이스디앤비,KOSDAQ,11.82,115584999999.99998,15400000,10.96,8230,7840,7630,7560,10.78
017940,E1,KOSPI,11.8,2022024000000.0,5781751,9.68,382820,365180,314040,333060,10.78
003540,대신증권,KOSPI,11.76,4054119000000.0,37429767,6.35,118160,112910,63800,87530,10.78
041510,에스엠,KOSDAQ,11.7,1002624000000.0,22894690,13.4,47530,45540,54440,48760,10.78
094360,칩스앤미디어,KOSDAQ,11.51,84508000000.0,20589087,13.03,4380,4230,4960,4500,10.78
010780,아이에스동서,KOSPI,11.49,1244180000000.0,29724668,11.9,44610,43140,46210,43890,10.78
039200,오스코텍,KOSDAQ,11.45,181307000000.0,38258176,9.68,5030,4880,4260,4510,10.78
093370,후성,KOSPI,11.45,334379000000.0,107255330,17.78,3310,3210,5140,4060,10.78
051500,CJ프레시웨이,KOSDAQ,11.39,455180000000.0,11871586,12.91,40510,39350,45920,41880,10.78
030520,한컴,KOSDAQ,11.29,366695000000.0,23746868,10.18,16170,15780,14580,15040,10.78
307950,현대오토에버,KOSPI,11.1,1847126000000.0,27423982,14.25,69350,68290,89040,77480,10.78
064290,인텍플러스,KOSDAQ,11.05,45946000000.0,12336605,47.05,3820,3770,16260,9570,10.78
091580,상신이디피,KOSDAQ,11.03,160096000000.0,13328219,14.98,12290,12140,16690,14200,10.78
035600,KG이니시스,KOSDAQ,10.99,498534000000.0,26618488,13.31,19090,18900,23120,20780,10.78
105560,KB금융,KOSPI,10.98,59048211000000.0,351106111,10.46,171300,169630,163190,165850,10.78
237690,에스티팜,KOSDAQ,10.93,593443000000.0,20876638,14.82,28820,28610,39080,33400,10.78
294870,IPARK현대산업개발,KOSPI,10.93,3212756000000.0,61576063,11.52,52900,52510,55760,53850,10.78
010130,고려아연,KOSPI,10.93,10752452000000.0,20393232,9.47,534590,530680,463180,497340,10.78
170030,현대공업,KOSDAQ,10.89,161957000000.0,14944678,0.0,10950,10890,0,0,10.78
039840,디오,KOSDAQ,10.86,191683000000.0,12806466,9.69,15080,15020,13450,14260,10.78
297090,씨에스베어링,KOSDAQ,10.77,100971000000.0,27270000,0.0,3700,3700,0,0,10.78
272290,이녹스첨단소재,KOSDAQ,10.76,393277000000.0,19225549,16.39,20420,20440,31100,25430,10.78
004490,세방전지,KOSPI,10.75,1624570000000.0,13350457,0.0,121350,121530,0,0,10.78
214320,이노션,KOSPI,10.73,1064714000000.0,40000000,10.24,26490,26560,25280,26000,10.78
104830,원익머트리얼즈,KOSDAQ,10.69,525484000000.0,12608000,14.89,41330,41520,57570,49100,10.78
095570,AJ네트웍스,KOSPI,10.64,457160000000.00006,44751050,9.91,10080,10150,9390,9830,10.78
051600,한전KPS,KOSPI,10.6,1345766000000.0,45000000,11.56,29410,29670,32070,30920,10.78
043150,바텍,KOSDAQ,10.59,495702000000.00006,14854256,10.93,32780,33100,33840,33590,10.78
108670,LX하우시스,KOSPI,10.57,834215000000.0,8949795,8.95,91390,92360,77390,85820,10.78
036200,유니셈,KOSDAQ,10.52,243429000000.0,29416053,13.6,8080,8180,10440,9290,10.78
237880,클리오,KOSDAQ,10.5,242965000000.0,17524623,9.46,13500,13700,12170,13070,10.78
006040,동원산업,KOSPI,10.47,3528033999999.9995,44140819,9.78,77630,78850,72510,76470,10.78
005810,풍산홀딩스,KOSPI,10.42,1162603000000.0,13478237,7.77,83380,84910,62170,75010,10.78
445090,에이직랜드,KOSDAQ,10.29,55283000000.00001,10925658,22.64,4830,4950,10630,7660,10.78
010690,화신,KOSPI,10.29,571361000000.0,34748441,10.8,15700,16090,16470,16460,10.78
036460,한국가스공사,KOSPI,10.24,10802423000000.0,87275434,8.56,117570,120880,98280,111870,10.78
161390,한국타이어앤테크놀로지,KOSPI,10.17,12105484000000.0,121988753,10.92,93620,96610,100520,99840,10.78
003570,SNT다이내믹스,KOSPI,10.15,866793000000.0,24918118,12.05,32750,33840,38880,36700,10.78
108380,대양전기공업,KOSDAQ,10.12,269200000000.0,9292398,9.9,27200,28140,26610,27870,10.78
339770,교촌에프앤비,KOSPI,10.1,188671000000.0,49834825,11.96,3550,3670,4200,3980,10.78
213500,한솔제지,KOSPI,10.07,697221000000.0,23776868,10.83,27390,28420,29460,29390,10.78
017670,SK텔레콤,KOSPI,10.07,12863103000000.0,213049909,10.11,56400,58520,56620,58620,10.78
090460,비에이치,KOSPI,10.04,748414000000.0,32461538,11.75,21470,22320,25130,24020,10.78
475150,SK이터닉스,KOSPI,10.04,273041000000.0,34044181,15.37,7470,7760,11440,9610,10.78
