종목코드,종목명,시장,ROE(%),예상ROE(%),현재가,적정주가(S-RIM),보수적주가(S-RIM),예상적정주가(S-RIM),예상보수적주가(S-RIM),정렬기준(%)
298000,효성화학,KOSPI,260.94,0.0,38900,2403580,1167690,0,0,6078.87
065150,대산F&B,KOSDAQ,45.0,0.0,145,6600,3900,0,0,4451.72
052420,오성첨단소재,KOSDAQ,12.48,0.0,1448,33870,31190,0,0,2239.09
036000,예림당,KOSDAQ,66.78,0.0,3005,69700,38290,0,0,2219.47
008500,일정실업,KOSPI,129.88,0.0,2075,39270,19940,0,0,1792.53
227950,엔투텍,KOSDAQ,17.7,0.0,503,6160,4840,0,0,1124.65
177350,베셀,KOSDAQ,56.26,0.0,1099,11130,6290,0,0,912.74
068790,DMS,KOSDAQ,35.52,0.0,6830,65320,40800,0,0,856.37
000950,전방,KOSPI,13.99,0.0,27850,262520,228820,0,0,842.62
096630,에스코넥,KOSDAQ,49.77,0.0,2830,26480,15320,0,0,835.69
016880,웅진,KOSPI,96.89,0.0,2245,20650,10790,0,0,819.82
224060,더코디,KOSDAQ,22.85,0.0,5400,49660,35430,0,0,819.63
092600,앤씨앤,KOSDAQ,43.8,0.0,3995,32860,19530,0,0,722.53
137080,나래나노텍,KOSDAQ,41.46,0.0,5340,42310,25450,0,0,692.32
003080,SB성보,KOSPI,24.66,0.0,2400,18170,12640,0,0,657.08
046940,우원개발,KOSDAQ,36.78,0.0,4095,29970,18550,0,0,631.87
154040,다산솔루에타,KOSDAQ,26.55,0.0,1015,7310,4960,0,0,620.2
031820,아이티센씨티에스,KOSPI,25.89,0.0,7250,46030,31500,0,0,534.9
143240,사람인,KOSDAQ,41.2,0.0,15880,98480,59320,0,0,520.15
013520,화승코퍼레이션,KOSPI,31.5,0.0,2910,17880,11530,0,0,514.43
019180,티에이치엔,KOSPI,36.85,0.0,7070,43230,26750,0,0,511.46
010770,평화홀딩스,KOSPI,31.18,0.0,4280,25950,16780,0,0,506.31
066360,체리부로,KOSDAQ,27.0,0.0,886,5330,3600,0,0,501.58
000540,흥국화재,KOSPI,18.85,0.0,3855,23080,17690,0,0,498.7
052790,액토즈소프트,KOSDAQ,12.77,0.0,4740,28220,25700,0,0,495.36
258790,소프트캠프,KOSDAQ,27.93,0.0,1718,10140,6780,0,0,490.22
019540,일지테크,KOSDAQ,26.7,0.0,6490,36430,24680,0,0,461.33
001620,케이비아이동국실업,KOSPI,13.01,0.0,2620,14460,13050,0,0,451.91
136490,선진,KOSPI,23.5,0.0,10410,52300,36960,0,0,402.4
036830,솔브레인홀딩스,KOSDAQ,32.06,0.0,51000,255750,164150,0,0,401.47
013580,계룡건설,KOSPI,11.1,0.0,22200,110620,108160,0,0,398.29
031440,신세계푸드,KOSPI,23.71,0.0,44500,220590,155410,0,0,395.71
019010,베뉴지,KOSDAQ,27.16,0.0,5080,24800,16720,0,0,388.19
002380,KCC,KOSPI,23.51,2.55,483000,2350900,1661040,254990,688630,386.73
263700,케어랩스,KOSDAQ,32.8,0.0,2255,10880,6940,0,0,382.48
088910,동우팜투테이블,KOSDAQ,12.55,0.0,2280,10980,10090,0,0,381.58
100030,인지소프트,KOSDAQ,35.1,0.0,19040,89310,55950,0,0,369.07
007980,TP,KOSPI,14.54,0.0,1852,8630,7390,0,0,365.98
036580,팜스코,KOSPI,23.16,0.0,2805,12880,9150,0,0,359.18
006620,동구바이오제약,KOSDAQ,39.12,0.0,4540,20630,12580,0,0,354.41
058860,KTis,KOSPI,16.29,0.0,2685,11940,9720,0,0,344.69
009770,삼정펄프,KOSPI,11.51,0.0,28600,124190,119160,0,0,334.23
950170,JTC,KOSDAQ,57.43,0.0,4720,20380,11480,0,0,331.78
003480,한진중공업홀딩스,KOSPI,14.18,0.0,5460,22720,19680,0,0,316.12
000910,유니온,KOSPI,24.46,0.0,3815,15870,11070,0,0,315.99
002990,금호건설,KOSPI,26.79,27.29,4140,16850,11410,17170,11550,307.0
020710,시공테크,KOSDAQ,17.77,0.0,4050,16430,12900,0,0,305.68
065690,파커스,KOSDAQ,11.98,0.0,1463,5790,5440,0,0,295.76
053270,구영테크,KOSDAQ,15.87,0.0,2130,8380,6900,0,0,293.43
105550,엣지파운드리,KOSDAQ,15.29,0.0,660,2570,2160,0,0,289.39
071320,지역난방공사,KOSPI,14.84,10.34,71900,277220,235160,193160,196160,285.56
023760,한국캐피탈,KOSDAQ,14.08,0.0,835,3190,2770,0,0,282.04
003650,미창석유,KOSPI,15.44,0.0,121000,459800,383180,0,0,280.0
069510,에스텍,KOSDAQ,18.98,0.0,13120,49850,38100,0,0,279.95
007370,진양제약,KOSDAQ,15.93,0.0,4460,16940,13920,0,0,279.82
088130,동아엘텍,KOSDAQ,33.57,0.0,8120,30690,19450,0,0,277.96
015760,한국전력,KOSPI,19.4,14.87,36900,136810,103700,104870,88880,270.76
148150,세경하이테크,KOSDAQ,22.13,0.0,4030,14430,10410,0,0,258.06
024800,유성티엔에스,KOSDAQ,10.9,0.0,4585,16270,16060,0,0,254.85
187420,HLB제넥스,KOSDAQ,69.85,0.0,2325,8250,4500,0,0,254.84
290120,DH오토리드,KOSDAQ,15.03,0.0,2580,8860,7480,0,0,243.41
001450,현대해상,KOSPI,20.6,14.89,36700,125910,93270,91010,77080,243.08
005710,대원산업,KOSDAQ,14.01,0.0,11410,38410,33460,0,0,236.63
090080,평화산업,KOSPI,29.03,0.0,932,3090,2040,0,0,231.55
005960,동부건설,KOSPI,10.28,0.0,7200,23600,24040,0,0,227.78
069730,DSR제강,KOSPI,13.97,0.0,5310,17140,14950,0,0,222.79
035890,서희건설,KOSDAQ,11.84,0.0,2015,6500,6150,0,0,222.58
000370,한화손해보험,KOSPI,10.8,14.81,7280,23440,23250,32140,27290,221.98
016670,디모아,KOSDAQ,14.99,0.0,3745,11910,10050,0,0,218.02
080470,성창오토텍,KOSDAQ,14.99,0.0,3670,11660,9840,0,0,217.71
227840,현대코퍼레이션홀딩스,KOSPI,11.89,0.0,12820,40550,38260,0,0,216.3
090150,아이윈,KOSDAQ,20.77,0.0,720,2270,1680,0,0,215.28
033530,SJG세종,KOSPI,14.05,0.0,8120,25500,22180,0,0,214.04
198080,캐프,KOSDAQ,15.73,0.0,2940,9030,7470,0,0,207.14
052460,아이크래프트,KOSDAQ,24.65,0.0,3000,8860,6160,0,0,195.33
004920,씨아이테크,KOSPI,22.84,0.0,1026,3010,2150,0,0,193.37
018500,동원금속,KOSPI,17.68,0.0,1621,4730,3720,0,0,191.8
054040,한국컴퓨터,KOSDAQ,13.04,0.0,5250,15280,13770,0,0,191.05
023590,다우기술,KOSPI,15.95,0.0,41450,119730,98360,0,0,188.85
032190,다우데이타,KOSDAQ,14.76,0.0,20400,58330,49600,0,0,185.93
100220,비상교육,KOSPI,11.28,0.0,6050,17290,16760,0,0,185.79
054800,아이디스홀딩스,KOSDAQ,11.11,0.0,15650,44550,43540,0,0,184.66
015750,성우하이텍,KOSDAQ,10.52,0.0,7400,20970,21100,0,0,183.38
079960,동양이엔피,KOSDAQ,11.81,0.0,23150,64800,61360,0,0,179.91
030720,동원수산,KOSPI,14.73,0.0,6020,16780,14280,0,0,178.74
041930,SY동아,KOSDAQ,15.64,0.0,6810,18830,15600,0,0,176.51
012280,영화금속,KOSPI,15.74,0.0,943,2600,2140,0,0,175.72
123410,코리아에프티,KOSDAQ,18.48,0.0,5960,16250,12560,0,0,172.65
012630,HDC,KOSPI,10.82,8.98,22050,60000,59470,49800,54730,172.11
378850,화승알앤에이,KOSPI,11.49,0.0,3500,9490,9110,0,0,171.14
010280,아이티센엔텍,KOSDAQ,26.23,0.0,7090,18810,12820,0,0,165.3
011760,현대코퍼레이션,KOSPI,12.91,13.58,26500,69980,63380,73610,65070,164.08
081580,성우전자,KOSDAQ,11.53,0.0,3050,8050,7720,0,0,163.93
015360,INVENI,KOSPI,15.46,0.0,16120,42250,35190,0,0,162.1
013700,까뮤이앤씨,KOSPI,19.4,0.0,1320,3430,2600,0,0,159.85
073240,금호타이어,KOSPI,18.53,14.91,4735,12300,9500,9900,8380,159.77
104460,디와이피엔에프,KOSDAQ,18.26,0.0,10620,27150,21070,0,0,155.65
033250,체시스,KOSPI,15.0,0.0,3950,10000,8440,0,0,153.16
184230,SGA솔루션즈,KOSDAQ,45.29,0.0,3100,7790,4600,0,0,151.29
066620,국보디자인,KOSDAQ,13.15,0.0,23700,59160,53110,0,0,149.62
006040,동원산업,KOSPI,11.61,8.88,35050,87230,83320,66720,73800,148.87
041190,우리기술투자,KOSDAQ,15.33,0.0,5830,14370,12010,0,0,146.48
003010,혜인,KOSPI,11.49,0.0,5710,14060,13510,0,0,146.23
025880,케이씨피드,KOSDAQ,13.67,0.0,2665,6520,5740,0,0,144.65
094970,제이엠티,KOSDAQ,10.13,0.0,3420,8230,8450,0,0,140.64
042420,네오위즈홀딩스,KOSDAQ,10.08,0.0,22500,53830,55430,0,0,139.24
053060,세동,KOSDAQ,15.6,0.0,1404,3350,2780,0,0,138.6
058850,KTcs,KOSPI,11.55,0.0,2555,6090,5830,0,0,138.36
284740,쿠쿠홈시스,KOSPI,11.7,0.0,22450,53190,50610,0,0,136.93
032620,GC메디아이,KOSDAQ,30.72,0.0,3540,8040,5230,0,0,127.12
096760,JW홀딩스,KOSPI,23.57,0.0,3805,8550,6030,0,0,124.7
194370,제이에스코퍼레이션,KOSPI,15.29,16.53,11710,26120,21860,28240,22840,123.06
265560,영화테크,KOSDAQ,22.82,0.0,8450,18580,13260,0,0,119.88
003090,대웅,KOSPI,16.11,0.0,19700,42960,35140,0,0,118.07
088390,이녹스,KOSDAQ,12.9,0.0,10390,22620,20490,0,0,117.71
016740,두올,KOSPI,11.34,0.0,4785,10380,10040,0,0,116.93
090850,현대이지웰,KOSDAQ,23.24,0.0,5200,11260,7980,0,0,116.54
461300,아이스크림미디어,KOSDAQ,25.36,0.0,17700,38290,26370,0,0,116.33
035610,솔본,KOSDAQ,10.28,0.0,3475,7510,7650,0,0,116.12
017370,우신시스템,KOSPI,10.18,13.54,4880,10490,10740,13950,12350,114.96
027710,팜스토리,KOSDAQ,11.16,0.0,1300,2680,2610,0,0,106.15
041510,에스엠,KOSDAQ,41.65,12.91,84400,171420,103010,53130,48130,103.1
005440,현대지에프홀딩스,KOSPI,11.18,7.84,13600,27560,26850,19330,23030,102.65
067290,JW신약,KOSDAQ,46.3,0.0,1578,3170,1860,0,0,100.89
001560,제일연마,KOSPI,13.12,0.0,10150,20190,18140,0,0,98.92
067160,SOOP,KOSDAQ,24.08,17.41,50300,99170,69500,71700,56760,97.16
014580,태경비케이,KOSPI,10.6,0.0,4325,8510,8520,0,0,96.76
037350,성도이엔지,KOSDAQ,10.9,0.0,9580,18770,18530,0,0,95.93
171090,선익시스템,KOSDAQ,101.48,29.12,74900,146470,76190,42030,27730,95.55
080010,이상네트웍스,KOSDAQ,10.8,0.0,7970,15500,15380,0,0,94.48
215200,메가스터디교육,KOSDAQ,18.03,14.95,42300,81360,63490,67460,57040,92.34
009780,엠에스씨,KOSDAQ,12.83,0.0,6750,12960,11780,0,0,92.0
005830,DB손해보험,KOSPI,17.72,14.29,156300,298810,234810,240970,207980,91.18
009180,한솔로지스틱스,KOSPI,11.59,0.0,2950,5560,5310,0,0,88.47
021080,에이티넘인베스트,KOSDAQ,12.96,0.0,2880,5420,4900,0,0,88.19
001750,한양증권,KOSPI,10.32,0.0,23600,44330,45070,0,0,87.84
049520,유아이엘,KOSDAQ,11.23,0.0,3745,7000,6800,0,0,86.92
003350,한국화장품제조,KOSPI,30.6,0.0,8900,16610,10800,0,0,86.63
036030,케이티알파,KOSDAQ,15.47,0.0,4850,8990,7490,0,0,85.36
339950,아이비김영,KOSDAQ,32.19,24.3,2790,5150,3300,3890,2720,84.59
010240,흥국,KOSDAQ,10.73,0.0,5650,10390,10340,0,0,83.89
064820,케이프,KOSDAQ,23.12,0.0,11630,21220,15080,0,0,82.46
418470,KT밀리의서재,KOSDAQ,20.03,0.0,10500,19100,14300,0,0,81.9
215360,우리산업,KOSDAQ,12.2,0.0,8380,15170,14130,0,0,81.03
318160,셀바이오휴먼텍,KOSDAQ,16.91,0.0,6060,10810,8660,0,0,78.38
419530,SAMG엔터,KOSDAQ,54.69,23.03,25100,44370,25210,18690,13300,76.77
080530,코디,KOSDAQ,10.64,0.0,3000,5300,5300,0,0,76.67
192400,쿠쿠홀딩스,KOSPI,11.56,0.0,26250,46210,44230,0,0,76.04
196700,웹스,KOSDAQ,10.59,0.0,1595,2800,2810,0,0,75.55
005430,한국공항,KOSPI,10.46,0.0,74400,130250,131460,0,0,75.07
010690,화신,KOSPI,12.25,13.72,10840,18930,17600,21200,18650,74.63
036800,나이스정보통신,KOSDAQ,11.45,11.01,27950,48780,46930,46910,46060,74.53
290270,휴네시온,KOSDAQ,11.83,0.0,3480,6070,5750,0,0,74.43
054670,대한뉴팜,KOSDAQ,11.5,0.0,6190,10770,10340,0,0,73.99
200670,휴메딕스,KOSDAQ,19.61,0.0,28700,49750,37550,0,0,73.34
058630,엠게임,KOSDAQ,12.28,0.0,4770,8230,7640,0,0,72.54
071050,한국금융지주,KOSPI,18.66,15.56,232500,399390,307370,333040,276590,71.78
051500,CJ프레시웨이,KOSDAQ,11.51,12.95,24150,41480,39800,46670,42210,71.76
417180,핑거스토리,KOSDAQ,12.32,0.0,6010,10260,9510,0,0,70.72
417790,트루엔,KOSDAQ,11.61,0.0,6780,11560,11040,0,0,70.5
067280,멀티캠퍼스,KOSDAQ,11.72,0.0,25300,42840,40720,0,0,69.33
094850,참좋은여행,KOSDAQ,11.69,0.0,4820,8130,7740,0,0,68.67
047080,한빛소프트,KOSDAQ,35.51,0.0,1421,2330,1450,0,0,63.97
045340,토탈소프트,KOSDAQ,26.65,0.0,6730,10980,7450,0,0,63.15
332370,아이디피,KOSDAQ,15.7,0.0,5240,8540,7060,0,0,62.98
036640,HRS,KOSDAQ,10.72,0.0,4900,7980,7950,0,0,62.86
297890,HB솔루션,KOSDAQ,11.34,0.0,2205,3590,3470,0,0,62.81
059100,아이컴포넌트,KOSDAQ,14.37,0.0,5720,9260,7970,0,0,61.89
211050,인카금융서비스,KOSDAQ,39.66,0.0,10130,16370,9950,0,0,61.6
009970,영원무역홀딩스,KOSPI,12.83,0.0,195400,313300,284630,0,0,60.34
263020,디케이앤디,KOSDAQ,10.53,0.0,3480,5570,5600,0,0,60.06
039420,케이엘넷,KOSDAQ,14.85,0.0,2845,4550,3860,0,0,59.93
051360,토비스,KOSDAQ,16.58,0.0,18370,29250,23630,0,0,59.23
262840,아이퀘스트,KOSDAQ,11.15,0.0,3430,5420,5290,0,0,58.02
004140,동방,KOSPI,10.36,0.0,2275,3580,3630,0,0,57.36
130580,나이스디앤비,KOSDAQ,11.69,10.63,5290,8250,7850,7500,7500,55.95
083930,아바코,KOSDAQ,13.62,0.0,13280,20680,18260,0,0,55.72
234080,JW생명과학,KOSPI,13.59,11.87,11690,18200,16080,15890,15010,55.69
044820,코스맥스비티아이,KOSPI,11.08,0.0,19320,30030,29390,0,0,55.43
011560,세보엠이씨,KOSDAQ,13.86,11.54,23300,36070,31580,30030,28770,54.81
002810,삼영무역,KOSPI,10.06,0.0,20800,32040,33030,0,0,54.04
039830,오로라,KOSDAQ,13.37,0.0,14890,22730,20240,0,0,52.65
175330,JB금융지주,KOSPI,12.36,12.03,24950,37160,34390,36170,33930,48.94
114840,아이패밀리에스씨,KOSDAQ,22.28,0.0,8720,12850,9250,0,0,47.36
453340,현대그린푸드,KOSPI,12.46,13.63,18060,26470,24400,28960,25550,46.57
097520,엠씨넥스,KOSPI,13.61,11.88,20700,30320,26770,26470,24990,46.47
136540,윈스테크넷,KOSDAQ,10.18,0.0,11330,16550,16950,0,0,46.07
035150,백산,KOSPI,13.22,0.0,11100,16060,14380,0,0,44.68
129890,앱코,KOSDAQ,10.8,0.0,960,1380,1370,0,0,43.75
123330,제닉,KOSDAQ,59.77,0.0,20500,29430,16470,0,0,43.56
214180,헥토이노베이션,KOSDAQ,14.22,18.22,16540,23610,20420,30250,23500,42.74
383220,F&F,KOSPI,23.16,18.27,76800,109100,77490,86070,66800,42.06
307280,원바이오젠,KOSDAQ,16.55,0.0,6880,9760,7890,0,0,41.86
139670,키네마스터,KOSDAQ,14.44,0.0,1726,2440,2100,0,0,41.37
136410,아셈스,KOSDAQ,12.97,0.0,5920,8330,7530,0,0,40.71
012030,DB,KOSPI,11.67,0.0,1886,2580,2460,0,0,36.8
069620,대웅제약,KOSPI,21.75,20.26,130700,178740,129800,166500,124120,36.76
071200,인피니트헬스케어,KOSDAQ,14.66,0.0,7990,10840,9240,0,0,35.67
111770,영원무역,KOSPI,12.66,12.6,84500,114410,104620,113870,104370,35.4
039010,현대에이치티,KOSDAQ,10.29,0.0,9830,13290,13540,0,0,35.2
173130,오파스넷,KOSDAQ,21.36,0.0,7400,9960,7280,0,0,34.59
439260,대한조선,KOSPI,32.19,19.35,65400,87780,56280,52760,40030,34.22
099410,동방선기,KOSDAQ,17.34,0.0,4375,5820,4610,0,0,33.03
086670,비엠티,KOSDAQ,13.96,0.0,14910,19750,17230,0,0,32.46
020180,대신정보통신,KOSDAQ,15.66,0.0,1129,1490,1230,0,0,31.98
051370,인터플렉스,KOSDAQ,11.11,12.58,10690,13890,13580,15730,14430,29.93
317450,명인제약,KOSPI,12.28,0.0,48600,62800,58300,0,0,29.22
038390,레드캡투어,KOSDAQ,11.36,0.0,10020,12850,12420,0,0,28.24
000270,기아,KOSPI,12.92,12.55,149400,191170,173090,185700,170550,27.96
403850,더핑크퐁컴퍼니,KOSDAQ,13.08,0.0,12340,15780,14200,0,0,27.88
053300,한국정보인증,KOSDAQ,13.36,0.0,5310,6750,6010,0,0,27.12
030200,KT,KOSPI,10.22,8.53,55800,70680,72240,58990,66820,26.67
950140,잉글우드랩,KOSDAQ,16.09,0.0,9910,12530,10250,0,0,26.44
009410,태영건설,KOSPI,11.28,0.0,1710,2160,2100,0,0,26.32
053580,웹케시,KOSDAQ,11.65,0.0,7700,9690,9240,0,0,25.84
060850,영림원소프트랩,KOSDAQ,12.62,0.0,6240,7850,7190,0,0,25.8
459550,알트,KOSDAQ,13.12,0.0,1927,2420,2170,0,0,25.58
472850,폰드그룹,KOSDAQ,15.46,0.0,4725,5920,4930,0,0,25.29
259630,엠플러스,KOSDAQ,22.12,0.0,14110,17650,12740,0,0,25.09
178780,일월지엠엘,KOSDAQ,14.03,0.0,2375,2960,2580,0,0,24.63
138040,메리츠금융지주,KOSPI,22.53,21.94,108200,134060,96140,130550,94510,23.9
353810,이지바이오,KOSDAQ,29.06,0.0,7200,8850,5840,0,0,22.92
007340,DN오토모티브,KOSPI,15.02,15.4,44550,54740,46190,56130,46830,22.87
067730,로지시스,KOSDAQ,16.63,0.0,2770,3390,2740,0,0,22.38
271980,제일약품,KOSPI,11.71,0.0,12950,15800,15030,0,0,22.01
136480,하림,KOSDAQ,12.56,0.0,2970,3620,3320,0,0,21.89
264450,유비쿼스,KOSDAQ,12.92,0.0,13450,16210,14680,0,0,20.52
264660,씨앤지하이테크,KOSDAQ,14.81,23.95,17580,21160,17970,34220,24030,20.36
018290,브이티,KOSDAQ,25.66,0.0,14080,16880,11580,0,0,19.89
039490,키움증권,KOSPI,18.12,16.29,363500,435320,338990,391350,318590,19.76
462870,시프트업,KOSPI,22.71,14.22,28550,34160,24430,21390,18500,19.65
179290,엠아이텍,KOSDAQ,17.32,0.0,5320,6330,5020,0,0,18.98
462980,아이지넷,KOSDAQ,18.38,0.0,1773,2090,1620,0,0,17.88
002800,신신제약,KOSDAQ,13.21,0.0,5220,6120,5480,0,0,17.24
036120,서울평가정보,KOSDAQ,23.39,0.0,1797,2090,1480,0,0,16.3
037460,삼지전자,KOSDAQ,16.89,0.0,46800,54270,43510,0,0,15.96
093520,매커스,KOSDAQ,19.3,18.98,23450,27050,20540,26600,20340,15.35
194700,노바렉스,KOSDAQ,14.99,21.92,17500,20080,16960,29370,21270,14.74
268280,미원에스씨,KOSPI,14.34,0.0,109700,125550,108190,0,0,14.45
206650,유바이오로직스,KOSDAQ,26.85,0.0,10640,12130,8200,0,0,14.0
005850,에스엘,KOSPI,12.81,14.21,58900,66730,60670,74020,64050,13.29
025770,한국정보통신,KOSDAQ,11.4,0.0,9050,10240,9870,0,0,13.15
290560,파라택시스이더리움,KOSDAQ,13.71,0.0,1363,1540,1360,0,0,12.99
086280,현대글로비스,KOSPI,18.13,14.35,210500,235170,183090,186140,160340,11.72
094280,효성ITX,KOSPI,21.21,0.0,12200,13560,9940,0,0,11.15
272110,케이엔제이,KOSDAQ,30.79,0.0,32550,35730,23200,0,0,9.77
260970,에스앤디,KOSDAQ,26.71,0.0,68500,74800,50680,0,0,9.2
013030,하이록코리아,KOSDAQ,11.35,11.26,37750,41190,39810,40860,39660,9.11
054950,제이브이엠,KOSDAQ,13.0,13.5,22800,24770,22360,25720,22800,8.64
119850,지엔씨에너지,KOSDAQ,21.15,0.0,25000,27140,19910,0,0,8.56
189860,서전기전,KOSDAQ,19.86,0.0,6810,7390,5550,0,0,8.52
204610,티쓰리,KOSDAQ,17.72,19.04,2935,3180,2500,3420,2610,8.35
059210,메타바이오메드,KOSDAQ,10.1,16.36,4010,4340,4470,7030,5720,8.23
134380,미원화학,KOSPI,14.72,0.0,11500,12390,10550,0,0,7.74
236200,슈프리마,KOSDAQ,12.75,14.22,43750,46910,42750,52320,45260,7.22
337930,젝시믹스,KOSDAQ,10.37,0.0,3565,3820,3870,0,0,7.15
030000,제일기획,KOSPI,13.7,13.92,18660,19990,17600,20310,17740,7.13
100840,SNT에너지,KOSPI,25.15,19.4,40900,43620,30130,33650,25500,6.65
192080,더블유게임즈,KOSPI,11.33,13.42,60900,64900,62790,76880,68340,6.57
309960,LB인베스트먼트,KOSDAQ,10.11,0.0,4955,5250,5400,0,0,5.95
408920,메쎄이상,KOSDAQ,20.79,0.0,3490,3670,2710,0,0,5.16
212560,네오오토,KOSDAQ,11.38,0.0,11920,12460,12030,0,0,4.53
018120,진로발효,KOSDAQ,13.65,0.0,17310,17760,15660,0,0,2.6
032850,비트컴퓨터,KOSDAQ,10.24,0.0,4590,4700,4800,0,0,2.4
297570,알로이스,KOSDAQ,11.45,0.0,1442,1470,1420,0,0,1.94
004800,효성,KOSPI,14.35,13.93,194200,197140,169820,191370,167140,1.51
000810,삼성화재,KOSPI,10.96,8.88,543000,549790,541180,445450,492770,1.25
204620,글로벌텍스프리,KOSDAQ,27.81,0.0,5180,5210,3480,0,0,0.58
081660,미스토홀딩스,KOSPI,11.39,12.92,39150,39300,37910,44580,40360,0.38
381970,케이카,KOSPI,22.63,0.0,9740,9750,6980,0,0,0.1
190510,나무가,KOSDAQ,14.83,0.0,16990,16990,14420,0,0,0.0
243070,휴온스,KOSDAQ,11.85,0.0,35800,35740,33780,0,0,-0.17
021240,코웨이,KOSPI,18.14,17.33,88200,87850,68380,83930,66560,-0.4
352090,스톰테크,KOSDAQ,11.13,0.0,3670,3650,3570,0,0,-0.54
016360,삼성증권,KOSPI,13.09,14.39,112700,111150,100000,122190,105120,-1.38
036890,진성티이씨,KOSDAQ,11.66,0.0,16390,16110,15360,0,0,-1.71
464280,티디에스팜,KOSDAQ,10.52,0.0,8160,8000,8050,0,0,-1.96
206640,바디텍메드,KOSDAQ,10.71,0.0,10950,10730,10690,0,0,-2.01
037030,파워넷,KOSDAQ,10.93,0.0,6300,6130,6040,0,0,-2.7
092730,네오팜,KOSDAQ,14.95,18.43,18100,17550,14840,21640,16740,-3.04
053800,안랩,KOSDAQ,14.68,0.0,59300,57330,48870,0,0,-3.32
265740,엔에프씨,KOSDAQ,16.68,0.0,5960,5740,4630,0,0,-3.69
005940,NH투자증권,KOSPI,11.76,12.6,30450,29320,27820,31410,28790,-3.71
330730,스톤브릿지벤처스,KOSDAQ,12.36,0.0,6470,6230,5760,0,0,-3.71
049720,고려신용정보,KOSDAQ,22.89,0.0,9850,9480,6760,0,0,-3.76
128660,피제이메탈,KOSDAQ,10.63,0.0,3100,2970,2970,0,0,-4.19
101160,월덱스,KOSDAQ,12.53,0.0,25800,24720,22720,0,0,-4.19
001060,JW중외제약,KOSPI,17.6,0.0,28350,27100,21350,0,0,-4.41
457370,한켐,KOSDAQ,10.09,0.0,7520,7160,7360,0,0,-4.79
003780,진양산업,KOSPI,10.57,0.0,5390,5130,5150,0,0,-4.82
068930,디지털대성,KOSDAQ,15.41,18.88,8230,7830,6530,9600,7350,-4.86
473980,노머스,KOSDAQ,15.64,0.0,14740,13850,11480,0,0,-6.04
448710,코츠테크놀로지,KOSDAQ,14.8,0.0,17500,16420,13950,0,0,-6.17
310200,애니플러스,KOSDAQ,10.39,0.0,2410,2240,2270,0,0,-7.05
373160,데이원컴퍼니,KOSDAQ,13.74,0.0,4700,4320,3790,0,0,-8.09
285490,노바텍,KOSDAQ,10.89,0.0,18280,16760,16560,0,0,-8.32
009320,아진전자부품,KOSPI,13.98,0.0,975,890,770,0,0,-8.72
033500,동성화인텍,KOSDAQ,24.23,29.65,21650,19690,13770,24100,15810,-9.05
030190,NICE평가정보,KOSPI,17.62,17.54,14530,13180,10380,13120,10350,-9.29
052400,코나아이,KOSDAQ,32.62,30.71,61300,55170,35240,51940,33740,-10.0
009450,경동나비엔,KOSPI,12.24,15.33,68300,61330,57030,76810,64210,-10.2
065710,서호전기,KOSDAQ,24.38,0.0,41600,37280,26020,0,0,-10.38
078150,HB테크놀러지,KOSDAQ,10.48,0.0,3530,3160,3190,0,0,-10.48
294570,쿠콘,KOSDAQ,13.54,0.0,24200,21550,19070,0,0,-10.95
045390,대아티아이,KOSDAQ,14.2,0.0,3280,2920,2530,0,0,-10.98
009240,한샘,KOSPI,12.33,11.6,31500,27910,25860,26260,25090,-11.4
098070,한텍,KOSDAQ,22.45,0.0,34850,30810,22120,0,0,-11.59
272290,이녹스첨단소재,KOSDAQ,13.55,14.62,30100,26600,23540,28700,24510,-11.63
017800,현대엘리베이터,KOSPI,20.1,0.0,81200,70740,52900,0,0,-12.88
035900,JYP Ent.,KOSDAQ,29.21,16.83,59500,51420,33900,29630,23790,-13.58
037270,YG PLUS,KOSPI,12.69,0.0,4130,3530,3230,0,0,-14.53
061090,세나테크놀로지,KOSDAQ,11.04,6.36,39800,33450,32800,19270,26220,-15.95
282330,BGF리테일,KOSPI,15.64,15.64,133000,111730,92580,111730,92580,-15.99
080160,모두투어,KOSDAQ,17.71,18.43,9800,8150,6400,8480,6560,-16.84
244920,에이플러스에셋,KOSPI,13.82,0.0,11750,9750,8550,0,0,-17.02
479960,위너스일렉,KOSDAQ,14.15,0.0,9580,7900,6850,0,0,-17.54
102710,이엔에프테크놀로지,KOSDAQ,12.29,19.02,44100,36190,33580,56000,42770,-17.94
240550,동방메디컬,KOSDAQ,11.54,0.0,7770,6370,6100,0,0,-18.02
094820,일진파워,KOSDAQ,13.41,0.0,14850,12120,10780,0,0,-18.38
484590,삼양컴텍,KOSDAQ,21.6,0.0,9460,7710,5610,0,0,-18.5
257720,실리콘투,KOSDAQ,46.89,30.24,37900,30800,18030,19860,12960,-18.73
445180,퓨릿,KOSDAQ,15.1,0.0,11070,8880,7470,0,0,-19.78
042000,카페24,KOSDAQ,16.23,0.0,21100,16880,13760,0,0,-20.0
096240,크레버스,KOSDAQ,15.15,0.0,10010,7930,6670,0,0,-20.78
143540,영우디에스피,KOSDAQ,19.84,0.0,1655,1310,980,0,0,-20.85
009540,HD한국조선해양,KOSPI,17.78,23.99,399000,313960,246380,423620,297250,-21.31
036620,감성코퍼레이션,KOSDAQ,28.75,0.0,5150,4030,2670,0,0,-21.75
340570,티앤엘,KOSDAQ,20.44,22.26,61900,48210,35820,52500,37810,-22.12
001360,삼성제약,KOSPI,10.18,0.0,1580,1230,1260,0,0,-22.15
303360,프로티아,KOSDAQ,15.72,0.0,4560,3520,2910,0,0,-22.81
092460,한라IMS,KOSDAQ,13.76,0.0,19740,15020,13190,0,0,-23.91
017510,세명전기,KOSDAQ,15.13,0.0,11050,8400,7070,0,0,-23.98
071970,HD현대마린엔진,KOSPI,41.36,23.26,73800,56030,33720,31510,22340,-24.08
251970,펌텍코리아,KOSDAQ,12.3,0.0,36400,27460,25470,0,0,-24.56
137400,피엔티,KOSDAQ,11.37,0.0,42400,31770,30680,0,0,-25.07
114810,한솔아이원스,KOSDAQ,14.49,19.83,14460,10650,9130,14570,10950,-26.35
012750,에스원,KOSPI,10.45,10.63,69300,51020,51520,51900,51920,-26.38
002840,미원상사,KOSPI,10.66,0.0,127000,92920,92830,0,0,-26.83
402340,SK스퀘어,KOSPI,37.82,48.09,1029000,745470,458290,947910,552210,-27.55
060250,NHN KCP,KOSDAQ,16.35,16.99,16700,12000,9760,12470,9970,-28.14
297090,씨에스베어링,KOSDAQ,11.53,0.0,5630,4010,3850,0,0,-28.77
271560,오리온,KOSPI,10.51,12.28,134600,95180,95810,111200,103240,-29.29
064400,LG씨엔에스,KOSPI,17.35,16.3,71200,49360,39130,46370,37740,-30.67
086450,동국제약,KOSDAQ,10.42,12.82,20850,14410,14570,17730,16110,-30.89
023160,태광,KOSDAQ,10.73,9.64,35500,24350,24240,21880,23090,-31.41
084440,유비온,KOSDAQ,19.36,0.0,1080,740,560,0,0,-31.48
469610,이노테크,KOSDAQ,18.16,0.0,17550,11810,9180,0,0,-32.71
110990,디아이티,KOSDAQ,13.5,0.0,24000,16150,14320,0,0,-32.71
036570,NC,KOSPI,10.79,11.81,260500,175230,173930,191800,181610,-32.73
462860,더즌,KOSDAQ,19.29,0.0,2795,1880,1420,0,0,-32.74
226400,오스테오닉,KOSDAQ,11.83,0.0,5570,3740,3540,0,0,-32.85
251120,바이오에프디엔씨,KOSDAQ,10.03,0.0,11520,7710,7970,0,0,-33.07
023450,동남합성,KOSPI,12.91,0.0,29600,19760,17900,0,0,-33.24
014940,오리엔탈정공,KOSDAQ,16.26,0.0,6330,4210,3430,0,0,-33.49
014970,삼륭물산,KOSDAQ,11.04,0.0,6050,4010,3930,0,0,-33.72
028050,삼성E&A,KOSPI,13.76,14.14,47400,31280,27480,32140,27880,-34.01
002960,한국쉘석유,KOSPI,36.04,0.0,559000,365820,227620,0,0,-34.56
092130,이크레더블,KOSDAQ,28.08,30.46,14370,9360,6240,10150,6610,-34.86
114090,GKL,KOSPI,11.01,12.18,11500,7390,7250,8170,7620,-35.74
443250,레뷰코퍼레이션,KOSDAQ,11.37,0.0,7380,4740,4570,0,0,-35.77
147830,제룡산업,KOSDAQ,13.94,0.0,9250,5900,5150,0,0,-36.22
192820,코스맥스,KOSPI,23.86,23.02,173000,110330,77560,106440,75760,-36.23
098120,마이크로컨텍솔,KOSDAQ,23.08,0.0,33450,21210,15090,0,0,-36.59
484870,엠앤씨솔루션,KOSPI,25.32,0.0,81600,50620,34880,0,0,-37.97
054540,삼영엠텍,KOSDAQ,10.64,0.0,9990,6170,6170,0,0,-38.24
451250,삐아,KOSDAQ,10.98,0.0,7640,4660,4590,0,0,-39.01
033100,제룡전기,KOSDAQ,26.93,0.0,62200,37710,25480,0,0,-39.37
075580,세진중공업,KOSPI,24.35,21.8,15210,9200,6420,8240,5980,-39.51
259960,크래프톤,KOSPI,10.6,14.05,265500,160420,160740,212630,184970,-39.58
053610,프로텍,KOSDAQ,14.59,15.24,88200,53110,45400,55480,46500,-39.78
161890,한국콜마,KOSPI,14.69,16.83,89200,53250,45380,61010,48980,-40.3
241710,코스메카코리아,KOSDAQ,19.29,19.84,72600,42900,32590,44120,33150,-40.91
017960,한국카본,KOSPI,19.3,17.01,35400,20610,15650,18160,14520,-41.78
214450,파마리서치,KOSDAQ,26.88,26.07,295000,167610,113330,162560,110980,-43.18
006800,미래에셋증권,KOSPI,12.36,11.53,62000,35170,32540,32800,31450,-43.27
226590,엠디바이스,KOSDAQ,29.23,0.0,21450,12130,7990,0,0,-43.45
008930,한미사이언스,KOSPI,13.13,0.0,31150,17520,15740,0,0,-43.76
336570,원텍,KOSDAQ,24.79,24.93,7350,4130,2870,4160,2880,-43.81
033780,KT&G,KOSPI,11.77,13.21,178200,98880,93790,110980,99410,-44.51
263860,지니언스,KOSDAQ,12.6,17.37,15390,8510,7800,11730,9300,-44.7
333430,일승,KOSDAQ,17.79,0.0,4585,2500,1960,0,0,-45.47
031330,에스에이엠티,KOSDAQ,16.55,0.0,14280,7750,6270,0,0,-45.73
300080,플리토,KOSDAQ,45.69,0.0,8240,4470,2630,0,0,-45.75
083500,에프엔에스테크,KOSDAQ,10.83,18.74,20400,11040,10940,19100,14680,-45.88
241520,DSC인베스트먼트,KOSDAQ,14.58,0.0,12350,6680,5710,0,0,-45.91
124500,아이티센글로벌,KOSDAQ,45.89,0.0,43200,23310,13710,0,0,-46.04
041830,인바디,KOSDAQ,10.37,14.21,43350,23220,23540,31810,27530,-46.44
034950,한국기업평가,KOSDAQ,20.08,0.0,104700,55970,41870,0,0,-46.54
267250,HD현대,KOSPI,10.25,16.35,259000,137910,140720,219980,178800,-46.75
187870,디바이스,KOSDAQ,11.11,0.0,23600,12480,12200,0,0,-47.12
145020,휴젤,KOSDAQ,16.06,19.41,254000,132850,108820,160560,121670,-47.7
213420,덕산네오룩스,KOSDAQ,12.5,15.79,42150,21610,19890,27300,22520,-48.73
003280,흥아해운,KOSPI,12.66,0.0,2460,1260,1150,0,0,-48.78
290740,액트로,KOSDAQ,10.37,0.0,14740,7450,7560,0,0,-49.46
033240,자화전자,KOSPI,11.15,13.09,45000,22710,22150,26660,23980,-49.53
481070,에이유브랜즈,KOSDAQ,16.83,0.0,15100,7600,6100,0,0,-49.67
039130,하나투어,KOSPI,19.79,29.05,37300,18710,14070,27460,18130,-49.84
059090,미코,KOSDAQ,27.23,0.0,18940,9360,6300,0,0,-50.58
005690,파미셀,KOSPI,38.31,0.0,15130,7440,4560,0,0,-50.83
249420,일동제약,KOSPI,13.59,0.0,20500,9990,8830,0,0,-51.27
014680,한솔케미칼,KOSPI,14.34,18.43,276500,133560,115090,171660,132770,-51.7
083450,GST,KOSDAQ,16.15,0.0,54300,25470,20810,0,0,-53.09
290550,디케이티,KOSDAQ,12.05,0.0,24600,11480,10760,0,0,-53.33
052860,아이앤씨,KOSDAQ,14.03,0.0,6090,2820,2460,0,0,-53.69
214150,클래시스,KOSDAQ,26.21,29.97,46550,20910,14250,23910,15640,-55.08
003230,삼양식품,KOSPI,37.59,28.16,1357000,588770,362490,441070,293970,-56.61
077970,STX엔진,KOSPI,22.26,24.09,41700,17880,12880,19350,13560,-57.12
326030,SK바이오팜,KOSPI,39.28,30.64,91000,38330,23350,29900,19430,-57.88
006910,보성파워텍,KOSDAQ,20.26,0.0,10210,4290,3200,0,0,-57.98
064350,현대로템,KOSPI,30.05,25.29,190500,79670,52090,67050,46230,-58.18
078520,에이블씨엔씨,KOSPI,15.88,0.0,13280,5510,4540,0,0,-58.51
000660,SK하이닉스,KOSPI,44.15,38.74,1745000,723780,429300,635090,388150,-58.52
009470,삼화전기,KOSPI,10.39,0.0,34100,13880,14060,0,0,-59.3
047400,유니온머티리얼,KOSPI,14.04,0.0,1525,620,540,0,0,-59.34
050890,쏠리드,KOSDAQ,10.8,13.31,14790,5970,5930,7360,6570,-59.63
281820,케이씨텍,KOSPI,10.55,0.0,66000,26640,26760,0,0,-59.64
003720,삼영,KOSPI,16.58,0.0,10040,4050,3270,0,0,-59.66
402490,그린리소스,KOSDAQ,15.86,0.0,15500,6190,5100,0,0,-60.06
482630,삼양엔씨켐,KOSDAQ,14.69,0.0,18960,7530,6410,0,0,-60.28
377460,큐에이드,KOSDAQ,18.78,0.0,4080,1620,1240,0,0,-60.29
101490,에스앤에스텍,KOSDAQ,21.24,0.0,73500,29040,21270,0,0,-60.49
043260,성호전자,KOSDAQ,46.27,0.0,39400,15380,9030,0,0,-60.96
039200,오스코텍,KOSDAQ,33.87,38.31,38850,15090,9540,17060,10460,-61.16
042660,한화오션,KOSPI,22.59,21.36,110500,42760,30640,40430,29560,-61.3
079900,전진건설로봇,KOSPI,20.58,23.33,54600,20700,15340,23470,16620,-62.09
332570,PS일렉트로닉스,KOSDAQ,15.91,0.0,11010,4170,3430,0,0,-62.13
121890,에스디시스템,KOSDAQ,11.22,0.0,2510,950,930,0,0,-62.15
187790,나노,KOSDAQ,19.01,0.0,6600,2490,1900,0,0,-62.27
001840,이화공영,KOSDAQ,28.15,0.0,2215,830,560,0,0,-62.53
000990,DB하이텍,KOSPI,12.51,0.0,162000,59960,55160,0,0,-62.99
483650,달바글로벌,KOSPI,52.59,44.2,215500,79410,45450,66740,39580,-63.15
458350,에스팀,KOSDAQ,14.99,0.0,6850,2500,2110,0,0,-63.5
007610,선도전기,KOSPI,16.0,0.0,8850,3160,2600,0,0,-64.29
450950,아스테라시스,KOSDAQ,27.74,24.87,9200,3240,2170,2910,2020,-64.78
031980,피에스케이홀딩스,KOSDAQ,19.55,24.23,124100,43150,32610,53480,37400,-65.23
064850,에프앤가이드,KOSDAQ,15.15,28.6,25050,8600,7230,16230,10770,-65.67
214430,아이쓰리시스템,KOSDAQ,15.31,0.0,80700,27510,23010,0,0,-65.91
096610,알에프세미,KOSDAQ,12.96,0.0,2965,1010,910,0,0,-65.94
097230,HJ중공업,KOSPI,10.15,0.0,21000,7070,7260,0,0,-66.33
254490,미래반도체,KOSDAQ,14.41,0.0,31200,10340,8890,0,0,-66.86
082740,한화엔진,KOSPI,36.6,29.21,69600,22930,14210,18300,12060,-67.05
083650,비에이치아이,KOSDAQ,44.36,33.03,73000,23930,14180,17820,11340,-67.22
128940,한미약품,KOSPI,14.53,13.85,414500,134500,115200,128210,112280,-67.55
290720,푸드나무,KOSDAQ,10.9,0.0,3120,1010,1000,0,0,-67.63
183300,코미코,KOSDAQ,18.52,24.0,146900,46650,36010,60460,42420,-68.24
176750,듀켐바이오,KOSDAQ,14.05,0.0,7730,2290,1990,0,0,-70.38
010820,퍼스텍,KOSPI,20.16,0.0,10920,3210,2390,0,0,-70.6
474610,RF시스템즈,KOSDAQ,11.29,0.0,12710,3710,3600,0,0,-70.81
012510,더존비즈온,KOSPI,16.0,0.0,120000,34560,28350,0,0,-71.2
425420,티에프이,KOSDAQ,19.3,0.0,58100,16460,12500,0,0,-71.67
095610,테스,KOSDAQ,15.76,23.25,116400,32720,27030,48280,34240,-71.89
388050,지투파워,KOSDAQ,14.09,0.0,10910,2980,2590,0,0,-72.69
005930,삼성전자,KOSPI,10.85,29.91,276000,75060,74290,206930,135470,-72.8
012450,한화에어로스페이스,KOSPI,19.14,20.36,1249000,338630,258010,360210,268030,-72.89
443060,HD현대마린솔루션,KOSPI,33.73,41.16,222000,58310,36920,71160,42870,-73.73
319660,피에스케이,KOSDAQ,15.54,22.08,107000,27170,22580,38610,27880,-74.61
329180,HD현대중공업,KOSPI,18.82,24.66,636000,157470,120780,206330,143450,-75.24
457550,우진엔텍,KOSDAQ,10.78,0.0,22950,5560,5520,0,0,-75.77
033640,네패스,KOSDAQ,14.19,0.0,29600,7150,6190,0,0,-75.84
000300,DH오토넥스,KOSPI,12.17,0.0,4200,1000,930,0,0,-76.19
082920,비츠로셀,KOSDAQ,18.56,20.47,53900,12830,9900,14150,10510,-76.2
007660,이수페타시스,KOSPI,29.64,29.12,121600,28670,18820,28170,18580,-76.42
010140,삼성중공업,KOSPI,13.74,23.63,27650,6270,5510,10790,7610,-77.32
089970,브이엠,KOSDAQ,17.33,30.91,52300,11650,9240,20780,13480,-77.72
007810,코리아써키트,KOSPI,11.54,22.09,89500,19890,19060,38070,27490,-77.78
103590,일진전기,KOSPI,19.08,23.01,100100,22140,16890,26700,19010,-77.88
207940,삼성바이오로직스,KOSPI,19.44,19.55,1337000,294420,222970,296080,223750,-77.98
080580,오킨스전자,KOSDAQ,19.93,46.86,20800,4580,3440,10770,6310,-77.98
475150,SK이터닉스,KOSPI,11.93,12.41,41300,8990,8470,9350,8640,-78.23
138610,나이벡,KOSDAQ,11.89,0.0,20750,4500,4250,0,0,-78.31
089890,코세스,KOSDAQ,19.58,0.0,38000,8210,6200,0,0,-78.39
278470,에이피알,KOSPI,75.3,54.58,390000,84270,45480,61080,34720,-78.39
237690,에스티팜,KOSDAQ,10.03,15.48,124800,26830,27710,41410,34470,-78.5
062040,산일전기,KOSPI,29.21,30.14,245500,52610,34680,54280,35460,-78.57
064760,티씨케이,KOSDAQ,13.5,0.0,277500,58940,52240,0,0,-78.76
058470,리노공업,KOSDAQ,22.45,0.0,96700,20330,14600,0,0,-78.98
356860,티엘비,KOSDAQ,15.99,27.51,93900,19490,16000,33530,22510,-79.24
323350,다원넥스뷰,KOSDAQ,20.38,0.0,21700,4500,3350,0,0,-79.26
322000,HD현대에너지솔루션,KOSPI,10.58,17.99,179000,37090,37210,63070,49260,-79.28
267260,HD현대일렉트릭,KOSPI,41.5,35.42,1066000,219850,132220,187640,117270,-79.38
140860,파크시스템스,KOSDAQ,16.69,23.3,248500,50770,40910,70880,50240,-79.57
232680,라온로보틱스,KOSDAQ,10.84,0.0,14080,2840,2810,0,0,-79.83
476060,온코닉테라퓨틱스,KOSDAQ,24.65,0.0,18980,3670,2550,0,0,-80.66
229640,LS에코에너지,KOSPI,21.43,20.46,74600,13760,10050,13140,9760,-81.55
403870,HPSP,KOSDAQ,24.79,0.0,48400,8840,6130,0,0,-81.74
298040,효성중공업,KOSPI,24.41,30.83,3569000,579400,404190,731780,474890,-83.77
052690,한전기술,KOSPI,14.2,20.37,135500,21930,18980,31450,23400,-83.82
368770,파이버프로,KOSDAQ,22.06,0.0,18890,2900,2090,0,0,-84.65
115500,케이씨에스,KOSDAQ,13.11,0.0,13280,2020,1820,0,0,-84.79
452280,한선엔지니어링,KOSDAQ,14.04,0.0,31600,4680,4070,0,0,-85.19
458870,씨어스,KOSDAQ,52.78,45.58,35000,5160,2950,4460,2630,-85.26
131290,티에스이,KOSDAQ,10.42,25.0,237000,34640,35040,83120,57530,-85.38
079550,LIG디펜스앤에어로스페이스,KOSPI,19.2,27.42,833000,118130,89900,168710,113360,-85.82
095340,ISC,KOSDAQ,10.6,20.13,194400,25280,25340,48020,35880,-87.0
080220,제주반도체,KOSDAQ,19.21,0.0,94800,12170,9260,0,0,-87.16
295310,에이치브이엠,KOSDAQ,16.15,0.0,94200,11370,9290,0,0,-87.93
047810,한국항공우주,KOSPI,10.51,22.47,158000,18550,18670,39650,28460,-88.26
307950,현대오토에버,KOSPI,10.27,14.45,558000,65010,66270,91470,78540,-88.35
327260,RF머트리얼즈,KOSDAQ,15.05,25.31,94500,8790,7410,14790,10190,-90.7
000500,가온전선,KOSPI,10.96,0.0,349500,30120,29650,0,0,-91.38
196170,알테오젠,KOSDAQ,39.42,46.49,359500,30790,18740,36320,21300,-91.44
042700,한미반도체,KOSPI,34.76,0.0,287500,23780,14930,0,0,-91.73
010120,LS ELECTRIC,KOSPI,14.67,26.57,238500,19180,16360,34740,23570,-91.96
